FeeID,StudentID,Installment,DueDate,PaymentDate,Status
F4001,S1001,Sem 3,10-08-2025,,Pending
F4002,S1002,Sem 3,10-08-2025,,Pending
F4003,S1003,Sem 3,10-08-2025,07-08-2025,Paid
F4004,S1004,Sem 3,10-08-2025,06-08-2025,Paid
F4005,S1005,Sem 3,10-08-2025,06-08-2025,Paid
F4006,S1006,Sem 3,10-08-2025,09-08-2025,Paid
F4007,S1007,Sem 3,10-08-2025,06-08-2025,Paid
F4008,S1008,Sem 3,10-08-2025,05-08-2025,Paid
F4009,S1009,Sem 3,10-08-2025,,Pending
F4010,S1010,Sem 3,10-08-2025,06-08-2025,Paid
F4011,S1011,Sem 3,10-08-2025,18-08-2025,Paid
F4012,S1012,Sem 3,10-08-2025,09-08-2025,Paid
F4013,S1013,Sem 3,10-08-2025,05-08-2025,Paid
F4014,S1014,Sem 3,10-08-2025,06-08-2025,Paid
F4015,S1015,Sem 3,10-08-2025,06-08-2025,Paid
F4016,S1016,Sem 3,10-08-2025,,Pending
F4017,S1017,Sem 3,10-08-2025,,Pending
F4018,S1018,Sem 3,10-08-2025,,Pending
F4019,S1019,Sem 3,10-08-2025,,Pending
F4020,S1020,Sem 3,10-08-2025,05-08-2025,Paid
F4021,S1021,Sem 3,10-08-2025,23-08-2025,Paid
F4022,S1022,Sem 3,10-08-2025,,Pending
F4023,S1023,Sem 3,10-08-2025,05-08-2025,Paid
F4024,S1024,Sem 3,10-08-2025,17-08-2025,Paid
F4025,S1025,Sem 3,10-08-2025,,Pending
F4026,S1026,Sem 3,10-08-2025,23-08-2025,Paid
F4027,S1027,Sem 3,10-08-2025,,Pending
F4028,S1028,Sem 3,10-08-2025,,Pending
F4029,S1029,Sem 3,10-08-2025,,Pending
F4030,S1030,Sem 3,10-08-2025,07-08-2025,Paid
F4031,S1031,Sem 3,10-08-2025,07-08-2025,Paid
F4032,S1032,Sem 3,10-08-2025,05-08-2025,Paid
F4033,S1033,Sem 3,10-08-2025,09-08-2025,Paid
F4034,S1034,Sem 3,10-08-2025,09-08-2025,Paid
F4035,S1035,Sem 3,10-08-2025,06-08-2025,Paid
F4036,S1036,Sem 3,10-08-2025,09-08-2025,Paid
F4037,S1037,Sem 3,10-08-2025,,Pending
F4038,S1038,Sem 3,10-08-2025,05-08-2025,Paid
F4039,S1039,Sem 3,10-08-2025,,Pending
F4040,S1040,Sem 3,10-08-2025,07-08-2025,Paid
F4041,S1041,Sem 3,10-08-2025,,Pending
F4042,S1042,Sem 3,10-08-2025,,Pending
F4043,S1043,Sem 3,10-08-2025,,Pending
F4044,S1044,Sem 3,10-08-2025,,Pending
F4045,S1045,Sem 3,10-08-2025,06-08-2025,Paid
F4046,S1046,Sem 3,10-08-2025,08-08-2025,Paid
F4047,S1047,Sem 3,10-08-2025,,Pending
F4048,S1048,Sem 3,10-08-2025,,Pending
F4049,S1049,Sem 3,10-08-2025,09-08-2025,Paid
F4050,S1050,Sem 3,10-08-2025,08-08-2025,Paid
F4051,S1051,Sem 3,10-08-2025,05-08-2025,Paid
F4052,S1052,Sem 3,10-08-2025,06-08-2025,Paid
F4053,S1053,Sem 3,10-08-2025,07-08-2025,Paid
F4054,S1054,Sem 3,10-08-2025,06-08-2025,Paid
F4055,S1055,Sem 3,10-08-2025,09-08-2025,Paid
F4056,S1056,Sem 3,10-08-2025,07-08-2025,Paid
F4057,S1057,Sem 3,10-08-2025,06-08-2025,Paid
F4058,S1058,Sem 3,10-08-2025,,Pending
F4059,S1059,Sem 3,10-08-2025,05-08-2025,Paid
F4060,S1060,Sem 3,10-08-2025,,Pending
F4061,S1061,Sem 3,10-08-2025,13-08-2025,Paid
F4062,S1062,Sem 3,10-08-2025,06-08-2025,Paid
F4063,S1063,Sem 3,10-08-2025,08-08-2025,Paid
F4064,S1064,Sem 3,10-08-2025,05-08-2025,Paid
F4065,S1065,Sem 3,10-08-2025,08-08-2025,Paid
F4066,S1066,Sem 3,10-08-2025,12-08-2025,Paid
F4067,S1067,Sem 3,10-08-2025,08-08-2025,Paid
F4068,S1068,Sem 3,10-08-2025,05-08-2025,Paid
F4069,S1069,Sem 3,10-08-2025,,Pending
F4070,S1070,Sem 3,10-08-2025,19-08-2025,Paid
F4071,S1071,Sem 3,10-08-2025,06-08-2025,Paid
F4072,S1072,Sem 3,10-08-2025,07-08-2025,Paid
F4073,S1073,Sem 3,10-08-2025,19-08-2025,Paid
F4074,S1074,Sem 3,10-08-2025,07-08-2025,Paid
F4075,S1075,Sem 3,10-08-2025,,Pending
F4076,S1076,Sem 3,10-08-2025,08-08-2025,Paid
F4077,S1077,Sem 3,10-08-2025,,Pending
F4078,S1078,Sem 3,10-08-2025,25-08-2025,Paid
F4079,S1079,Sem 3,10-08-2025,07-08-2025,Paid
F4080,S1080,Sem 3,10-08-2025,09-08-2025,Paid
F4081,S1081,Sem 3,10-08-2025,,Pending
F4082,S1082,Sem 3,10-08-2025,07-08-2025,Paid
F4083,S1083,Sem 3,10-08-2025,09-08-2025,Paid
F4084,S1084,Sem 3,10-08-2025,09-08-2025,Paid
F4085,S1085,Sem 3,10-08-2025,09-08-2025,Paid
F4086,S1086,Sem 3,10-08-2025,06-08-2025,Paid
F4087,S1087,Sem 3,10-08-2025,06-08-2025,Paid
F4088,S1088,Sem 3,10-08-2025,06-08-2025,Paid
F4089,S1089,Sem 3,10-08-2025,21-08-2025,Paid
F4090,S1090,Sem 3,10-08-2025,07-08-2025,Paid
F4091,S1091,Sem 3,10-08-2025,09-08-2025,Paid
F4092,S1092,Sem 3,10-08-2025,05-08-2025,Paid
F4093,S1093,Sem 3,10-08-2025,06-08-2025,Paid
F4094,S1094,Sem 3,10-08-2025,06-08-2025,Paid
F4095,S1095,Sem 3,10-08-2025,,Pending
F4096,S1096,Sem 3,10-08-2025,,Pending
F4097,S1097,Sem 3,10-08-2025,05-08-2025,Paid
F4098,S1098,Sem 3,10-08-2025,09-08-2025,Paid
F4099,S1099,Sem 3,10-08-2025,06-08-2025,Paid
F4100,S1100,Sem 3,10-08-2025,,Pending
F4101,S1101,Sem 3,10-08-2025,08-08-2025,Paid
F4102,S1102,Sem 3,10-08-2025,,Pending
F4103,S1103,Sem 3,10-08-2025,11-08-2025,Paid
F4104,S1104,Sem 3,10-08-2025,05-08-2025,Paid
F4105,S1105,Sem 3,10-08-2025,06-08-2025,Paid
F4106,S1106,Sem 3,10-08-2025,20-08-2025,Paid
F4107,S1107,Sem 3,10-08-2025,,Pending
F4108,S1108,Sem 3,10-08-2025,08-08-2025,Paid
F4109,S1109,Sem 3,10-08-2025,20-08-2025,Paid
F4110,S1110,Sem 3,10-08-2025,,Pending
F4111,S1111,Sem 3,10-08-2025,24-08-2025,Paid
F4112,S1112,Sem 3,10-08-2025,08-08-2025,Paid
F4113,S1113,Sem 3,10-08-2025,06-08-2025,Paid
F4114,S1114,Sem 3,10-08-2025,05-08-2025,Paid
F4115,S1115,Sem 3,10-08-2025,08-08-2025,Paid
F4116,S1116,Sem 3,10-08-2025,,Pending
F4117,S1117,Sem 3,10-08-2025,,Pending
F4118,S1118,Sem 3,10-08-2025,,Pending
F4119,S1119,Sem 3,10-08-2025,07-08-2025,Paid
F4120,S1120,Sem 3,10-08-2025,,Pending
F4121,S1121,Sem 3,10-08-2025,07-08-2025,Paid
F4122,S1122,Sem 3,10-08-2025,20-08-2025,Paid
F4123,S1123,Sem 3,10-08-2025,07-08-2025,Paid
F4124,S1124,Sem 3,10-08-2025,05-08-2025,Paid
F4125,S1125,Sem 3,10-08-2025,07-08-2025,Paid
F4126,S1126,Sem 3,10-08-2025,06-08-2025,Paid
F4127,S1127,Sem 3,10-08-2025,05-08-2025,Paid
F4128,S1128,Sem 3,10-08-2025,05-08-2025,Paid
F4129,S1129,Sem 3,10-08-2025,,Pending
F4130,S1130,Sem 3,10-08-2025,08-08-2025,Paid
F4131,S1131,Sem 3,10-08-2025,,Pending
F4132,S1132,Sem 3,10-08-2025,,Pending
F4133,S1133,Sem 3,10-08-2025,09-08-2025,Paid
F4134,S1134,Sem 3,10-08-2025,09-08-2025,Paid
F4135,S1135,Sem 3,10-08-2025,,Pending
F4136,S1136,Sem 3,10-08-2025,13-08-2025,Paid
F4137,S1137,Sem 3,10-08-2025,08-08-2025,Paid
F4138,S1138,Sem 3,10-08-2025,06-08-2025,Paid
F4139,S1139,Sem 3,10-08-2025,09-08-2025,Paid
F4140,S1140,Sem 3,10-08-2025,07-08-2025,Paid
F4141,S1141,Sem 3,10-08-2025,09-08-2025,Paid
F4142,S1142,Sem 3,10-08-2025,06-08-2025,Paid
F4143,S1143,Sem 3,10-08-2025,16-08-2025,Paid
F4144,S1144,Sem 3,10-08-2025,08-08-2025,Paid
F4145,S1145,Sem 3,10-08-2025,,Pending
F4146,S1146,Sem 3,10-08-2025,09-08-2025,Paid
F4147,S1147,Sem 3,10-08-2025,08-08-2025,Paid
F4148,S1148,Sem 3,10-08-2025,,Pending
F4149,S1149,Sem 3,10-08-2025,05-08-2025,Paid
F4150,S1150,Sem 3,10-08-2025,05-08-2025,Paid
F4151,S1151,Sem 3,10-08-2025,22-08-2025,Paid
F4152,S1152,Sem 3,10-08-2025,08-08-2025,Paid
F4153,S1153,Sem 3,10-08-2025,05-08-2025,Paid
F4154,S1154,Sem 3,10-08-2025,07-08-2025,Paid
F4155,S1155,Sem 3,10-08-2025,05-08-2025,Paid
F4156,S1156,Sem 3,10-08-2025,06-08-2025,Paid
F4157,S1157,Sem 3,10-08-2025,07-08-2025,Paid
F4158,S1158,Sem 3,10-08-2025,07-08-2025,Paid
F4159,S1159,Sem 3,10-08-2025,06-08-2025,Paid
F4160,S1160,Sem 3,10-08-2025,16-08-2025,Paid
F4161,S1161,Sem 3,10-08-2025,05-08-2025,Paid
F4162,S1162,Sem 3,10-08-2025,09-08-2025,Paid
F4163,S1163,Sem 3,10-08-2025,,Pending
F4164,S1164,Sem 3,10-08-2025,,Pending
F4165,S1165,Sem 3,10-08-2025,07-08-2025,Paid
F4166,S1166,Sem 3,10-08-2025,06-08-2025,Paid
F4167,S1167,Sem 3,10-08-2025,05-08-2025,Paid
F4168,S1168,Sem 3,10-08-2025,08-08-2025,Paid
F4169,S1169,Sem 3,10-08-2025,,Pending
F4170,S1170,Sem 3,10-08-2025,07-08-2025,Paid
F4171,S1171,Sem 3,10-08-2025,,Pending
F4172,S1172,Sem 3,10-08-2025,,Pending
F4173,S1173,Sem 3,10-08-2025,23-08-2025,Paid
F4174,S1174,Sem 3,10-08-2025,07-08-2025,Paid
F4175,S1175,Sem 3,10-08-2025,,Pending
F4176,S1176,Sem 3,10-08-2025,,Pending
F4177,S1177,Sem 3,10-08-2025,08-08-2025,Paid
F4178,S1178,Sem 3,10-08-2025,06-08-2025,Paid
F4179,S1179,Sem 3,10-08-2025,,Pending
F4180,S1180,Sem 3,10-08-2025,07-08-2025,Paid
F4181,S1181,Sem 3,10-08-2025,24-08-2025,Paid
F4182,S1182,Sem 3,10-08-2025,,Pending
F4183,S1183,Sem 3,10-08-2025,09-08-2025,Paid
F4184,S1184,Sem 3,10-08-2025,08-08-2025,Paid
F4185,S1185,Sem 3,10-08-2025,,Pending
F4186,S1186,Sem 3,10-08-2025,21-08-2025,Paid
F4187,S1187,Sem 3,10-08-2025,07-08-2025,Paid
F4188,S1188,Sem 3,10-08-2025,23-08-2025,Paid
F4189,S1189,Sem 3,10-08-2025,06-08-2025,Paid
F4190,S1190,Sem 3,10-08-2025,,Pending
F4191,S1191,Sem 3,10-08-2025,05-08-2025,Paid
F4192,S1192,Sem 3,10-08-2025,08-08-2025,Paid
F4193,S1193,Sem 3,10-08-2025,07-08-2025,Paid
F4194,S1194,Sem 3,10-08-2025,,Pending
F4195,S1195,Sem 3,10-08-2025,09-08-2025,Paid
F4196,S1196,Sem 3,10-08-2025,07-08-2025,Paid
F4197,S1197,Sem 3,10-08-2025,06-08-2025,Paid
F4198,S1198,Sem 3,10-08-2025,05-08-2025,Paid
F4199,S1199,Sem 3,10-08-2025,06-08-2025,Paid
F4200,S1200,Sem 3,10-08-2025,08-08-2025,Paid
F4201,S1201,Sem 3,10-08-2025,,Pending
F4202,S1202,Sem 3,10-08-2025,,Pending
F4203,S1203,Sem 3,10-08-2025,21-08-2025,Paid
F4204,S1204,Sem 3,10-08-2025,,Pending
F4205,S1205,Sem 3,10-08-2025,09-08-2025,Paid
F4206,S1206,Sem 3,10-08-2025,07-08-2025,Paid
F4207,S1207,Sem 3,10-08-2025,05-08-2025,Paid
F4208,S1208,Sem 3,10-08-2025,05-08-2025,Paid
F4209,S1209,Sem 3,10-08-2025,08-08-2025,Paid
F4210,S1210,Sem 3,10-08-2025,09-08-2025,Paid
F4211,S1211,Sem 3,10-08-2025,06-08-2025,Paid
F4212,S1212,Sem 3,10-08-2025,07-08-2025,Paid
F4213,S1213,Sem 3,10-08-2025,,Pending
F4214,S1214,Sem 3,10-08-2025,25-08-2025,Paid
F4215,S1215,Sem 3,10-08-2025,19-08-2025,Paid
F4216,S1216,Sem 3,10-08-2025,08-08-2025,Paid
F4217,S1217,Sem 3,10-08-2025,,Pending
F4218,S1218,Sem 3,10-08-2025,24-08-2025,Paid
F4219,S1219,Sem 3,10-08-2025,,Pending
F4220,S1220,Sem 3,10-08-2025,09-08-2025,Paid
F4221,S1221,Sem 3,10-08-2025,,Pending
F4222,S1222,Sem 3,10-08-2025,14-08-2025,Paid
F4223,S1223,Sem 3,10-08-2025,12-08-2025,Paid
F4224,S1224,Sem 3,10-08-2025,06-08-2025,Paid
F4225,S1225,Sem 3,10-08-2025,09-08-2025,Paid
F4226,S1226,Sem 3,10-08-2025,,Pending
F4227,S1227,Sem 3,10-08-2025,,Pending
F4228,S1228,Sem 3,10-08-2025,11-08-2025,Paid
F4229,S1229,Sem 3,10-08-2025,,Pending
F4230,S1230,Sem 3,10-08-2025,14-08-2025,Paid
F4231,S1231,Sem 3,10-08-2025,05-08-2025,Paid
F4232,S1232,Sem 3,10-08-2025,,Pending
F4233,S1233,Sem 3,10-08-2025,05-08-2025,Paid
F4234,S1234,Sem 3,10-08-2025,09-08-2025,Paid
F4235,S1235,Sem 3,10-08-2025,09-08-2025,Paid
F4236,S1236,Sem 3,10-08-2025,23-08-2025,Paid
F4237,S1237,Sem 3,10-08-2025,05-08-2025,Paid
F4238,S1238,Sem 3,10-08-2025,05-08-2025,Paid
F4239,S1239,Sem 3,10-08-2025,23-08-2025,Paid
F4240,S1240,Sem 3,10-08-2025,,Pending
F4241,S1241,Sem 3,10-08-2025,,Pending
F4242,S1242,Sem 3,10-08-2025,06-08-2025,Paid
F4243,S1243,Sem 3,10-08-2025,09-08-2025,Paid
F4244,S1244,Sem 3,10-08-2025,,Pending
F4245,S1245,Sem 3,10-08-2025,06-08-2025,Paid
F4246,S1246,Sem 3,10-08-2025,05-08-2025,Paid
F4247,S1247,Sem 3,10-08-2025,05-08-2025,Paid
F4248,S1248,Sem 3,10-08-2025,08-08-2025,Paid
F4249,S1249,Sem 3,10-08-2025,05-08-2025,Paid
F4250,S1250,Sem 3,10-08-2025,,Pending
F4251,S1251,Sem 3,10-08-2025,05-08-2025,Paid
F4252,S1252,Sem 3,10-08-2025,,Pending
F4253,S1253,Sem 3,10-08-2025,07-08-2025,Paid
F4254,S1254,Sem 3,10-08-2025,06-08-2025,Paid
F4255,S1255,Sem 3,10-08-2025,07-08-2025,Paid
F4256,S1256,Sem 3,10-08-2025,19-08-2025,Paid
F4257,S1257,Sem 3,10-08-2025,07-08-2025,Paid
F4258,S1258,Sem 3,10-08-2025,05-08-2025,Paid
F4259,S1259,Sem 3,10-08-2025,,Pending
F4260,S1260,Sem 3,10-08-2025,07-08-2025,Paid
F4261,S1261,Sem 3,10-08-2025,,Pending
F4262,S1262,Sem 3,10-08-2025,08-08-2025,Paid
F4263,S1263,Sem 3,10-08-2025,,Pending
F4264,S1264,Sem 3,10-08-2025,07-08-2025,Paid
F4265,S1265,Sem 3,10-08-2025,09-08-2025,Paid
F4266,S1266,Sem 3,10-08-2025,,Pending
F4267,S1267,Sem 3,10-08-2025,09-08-2025,Paid
F4268,S1268,Sem 3,10-08-2025,08-08-2025,Paid
F4269,S1269,Sem 3,10-08-2025,07-08-2025,Paid
F4270,S1270,Sem 3,10-08-2025,,Pending
F4271,S1271,Sem 3,10-08-2025,11-08-2025,Paid
F4272,S1272,Sem 3,10-08-2025,15-08-2025,Paid
F4273,S1273,Sem 3,10-08-2025,08-08-2025,Paid
F4274,S1274,Sem 3,10-08-2025,07-08-2025,Paid
F4275,S1275,Sem 3,10-08-2025,13-08-2025,Paid
F4276,S1276,Sem 3,10-08-2025,07-08-2025,Paid
F4277,S1277,Sem 3,10-08-2025,,Pending
F4278,S1278,Sem 3,10-08-2025,17-08-2025,Paid
F4279,S1279,Sem 3,10-08-2025,19-08-2025,Paid
F4280,S1280,Sem 3,10-08-2025,08-08-2025,Paid
F4281,S1281,Sem 3,10-08-2025,,Pending
F4282,S1282,Sem 3,10-08-2025,07-08-2025,Paid
F4283,S1283,Sem 3,10-08-2025,,Pending
F4284,S1284,Sem 3,10-08-2025,07-08-2025,Paid
F4285,S1285,Sem 3,10-08-2025,09-08-2025,Paid
F4286,S1286,Sem 3,10-08-2025,06-08-2025,Paid
F4287,S1287,Sem 3,10-08-2025,06-08-2025,Paid
F4288,S1288,Sem 3,10-08-2025,07-08-2025,Paid
F4289,S1289,Sem 3,10-08-2025,19-08-2025,Paid
F4290,S1290,Sem 3,10-08-2025,05-08-2025,Paid
F4291,S1291,Sem 3,10-08-2025,05-08-2025,Paid
F4292,S1292,Sem 3,10-08-2025,08-08-2025,Paid
F4293,S1293,Sem 3,10-08-2025,07-08-2025,Paid
F4294,S1294,Sem 3,10-08-2025,09-08-2025,Paid
F4295,S1295,Sem 3,10-08-2025,,Pending
F4296,S1296,Sem 3,10-08-2025,07-08-2025,Paid
F4297,S1297,Sem 3,10-08-2025,07-08-2025,Paid
F4298,S1298,Sem 3,10-08-2025,,Pending
F4299,S1299,Sem 3,10-08-2025,06-08-2025,Paid
F4300,S1300,Sem 3,10-08-2025,19-08-2025,Paid
F4301,S1301,Sem 3,10-08-2025,,Pending
F4302,S1302,Sem 3,10-08-2025,,Pending
F4303,S1303,Sem 3,10-08-2025,,Pending
F4304,S1304,Sem 3,10-08-2025,21-08-2025,Paid
F4305,S1305,Sem 3,10-08-2025,07-08-2025,Paid
F4306,S1306,Sem 3,10-08-2025,,Pending
F4307,S1307,Sem 3,10-08-2025,,Pending
F4308,S1308,Sem 3,10-08-2025,,Pending
F4309,S1309,Sem 3,10-08-2025,11-08-2025,Paid
F4310,S1310,Sem 3,10-08-2025,,Pending
F4311,S1311,Sem 3,10-08-2025,09-08-2025,Paid
F4312,S1312,Sem 3,10-08-2025,08-08-2025,Paid
F4313,S1313,Sem 3,10-08-2025,,Pending
F4314,S1314,Sem 3,10-08-2025,07-08-2025,Paid
F4315,S1315,Sem 3,10-08-2025,19-08-2025,Paid
F4316,S1316,Sem 3,10-08-2025,06-08-2025,Paid
F4317,S1317,Sem 3,10-08-2025,,Pending
F4318,S1318,Sem 3,10-08-2025,07-08-2025,Paid
F4319,S1319,Sem 3,10-08-2025,13-08-2025,Paid
F4320,S1320,Sem 3,10-08-2025,,Pending
F4321,S1321,Sem 3,10-08-2025,08-08-2025,Paid
F4322,S1322,Sem 3,10-08-2025,08-08-2025,Paid
F4323,S1323,Sem 3,10-08-2025,,Pending
F4324,S1324,Sem 3,10-08-2025,08-08-2025,Paid
F4325,S1325,Sem 3,10-08-2025,,Pending
F4326,S1326,Sem 3,10-08-2025,05-08-2025,Paid
F4327,S1327,Sem 3,10-08-2025,,Pending
F4328,S1328,Sem 3,10-08-2025,09-08-2025,Paid
F4329,S1329,Sem 3,10-08-2025,22-08-2025,Paid
F4330,S1330,Sem 3,10-08-2025,,Pending
F4331,S1331,Sem 3,10-08-2025,05-08-2025,Paid
F4332,S1332,Sem 3,10-08-2025,07-08-2025,Paid
F4333,S1333,Sem 3,10-08-2025,06-08-2025,Paid
F4334,S1334,Sem 3,10-08-2025,,Pending
F4335,S1335,Sem 3,10-08-2025,,Pending
F4336,S1336,Sem 3,10-08-2025,06-08-2025,Paid
F4337,S1337,Sem 3,10-08-2025,09-08-2025,Paid
F4338,S1338,Sem 3,10-08-2025,,Pending
F4339,S1339,Sem 3,10-08-2025,12-08-2025,Paid
F4340,S1340,Sem 3,10-08-2025,,Pending
F4341,S1341,Sem 3,10-08-2025,07-08-2025,Paid
F4342,S1342,Sem 3,10-08-2025,05-08-2025,Paid
F4343,S1343,Sem 3,10-08-2025,08-08-2025,Paid
F4344,S1344,Sem 3,10-08-2025,08-08-2025,Paid
F4345,S1345,Sem 3,10-08-2025,,Pending
F4346,S1346,Sem 3,10-08-2025,,Pending
F4347,S1347,Sem 3,10-08-2025,06-08-2025,Paid
F4348,S1348,Sem 3,10-08-2025,,Pending
F4349,S1349,Sem 3,10-08-2025,09-08-2025,Paid
F4350,S1350,Sem 3,10-08-2025,07-08-2025,Paid
F4351,S1351,Sem 3,10-08-2025,06-08-2025,Paid
F4352,S1352,Sem 3,10-08-2025,08-08-2025,Paid
F4353,S1353,Sem 3,10-08-2025,08-08-2025,Paid
F4354,S1354,Sem 3,10-08-2025,08-08-2025,Paid
F4355,S1355,Sem 3,10-08-2025,09-08-2025,Paid
F4356,S1356,Sem 3,10-08-2025,21-08-2025,Paid
F4357,S1357,Sem 3,10-08-2025,05-08-2025,Paid
F4358,S1358,Sem 3,10-08-2025,08-08-2025,Paid
F4359,S1359,Sem 3,10-08-2025,,Pending
F4360,S1360,Sem 3,10-08-2025,05-08-2025,Paid
F4361,S1361,Sem 3,10-08-2025,08-08-2025,Paid
F4362,S1362,Sem 3,10-08-2025,09-08-2025,Paid
F4363,S1363,Sem 3,10-08-2025,,Pending
F4364,S1364,Sem 3,10-08-2025,09-08-2025,Paid
F4365,S1365,Sem 3,10-08-2025,08-08-2025,Paid
F4366,S1366,Sem 3,10-08-2025,07-08-2025,Paid
F4367,S1367,Sem 3,10-08-2025,09-08-2025,Paid
F4368,S1368,Sem 3,10-08-2025,18-08-2025,Paid
F4369,S1369,Sem 3,10-08-2025,05-08-2025,Paid
F4370,S1370,Sem 3,10-08-2025,06-08-2025,Paid
F4371,S1371,Sem 3,10-08-2025,16-08-2025,Paid
F4372,S1372,Sem 3,10-08-2025,14-08-2025,Paid
F4373,S1373,Sem 3,10-08-2025,17-08-2025,Paid
F4374,S1374,Sem 3,10-08-2025,06-08-2025,Paid
F4375,S1375,Sem 3,10-08-2025,22-08-2025,Paid
F4376,S1376,Sem 3,10-08-2025,23-08-2025,Paid
F4377,S1377,Sem 3,10-08-2025,,Pending
F4378,S1378,Sem 3,10-08-2025,09-08-2025,Paid
F4379,S1379,Sem 3,10-08-2025,06-08-2025,Paid
F4380,S1380,Sem 3,10-08-2025,,Pending
F4381,S1381,Sem 3,10-08-2025,,Pending
F4382,S1382,Sem 3,10-08-2025,,Pending
F4383,S1383,Sem 3,10-08-2025,05-08-2025,Paid
F4384,S1384,Sem 3,10-08-2025,08-08-2025,Paid
F4385,S1385,Sem 3,10-08-2025,,Pending
F4386,S1386,Sem 3,10-08-2025,08-08-2025,Paid
F4387,S1387,Sem 3,10-08-2025,,Pending
F4388,S1388,Sem 3,10-08-2025,,Pending
F4389,S1389,Sem 3,10-08-2025,05-08-2025,Paid
F4390,S1390,Sem 3,10-08-2025,16-08-2025,Paid
F4391,S1391,Sem 3,10-08-2025,06-08-2025,Paid
F4392,S1392,Sem 3,10-08-2025,07-08-2025,Paid
F4393,S1393,Sem 3,10-08-2025,12-08-2025,Paid
F4394,S1394,Sem 3,10-08-2025,,Pending
F4395,S1395,Sem 3,10-08-2025,,Pending
F4396,S1396,Sem 3,10-08-2025,,Pending
F4397,S1397,Sem 3,10-08-2025,05-08-2025,Paid
F4398,S1398,Sem 3,10-08-2025,,Pending
F4399,S1399,Sem 3,10-08-2025,05-08-2025,Paid
F4400,S1400,Sem 3,10-08-2025,09-08-2025,Paid
F4401,S1401,Sem 3,10-08-2025,,Pending
F4402,S1402,Sem 3,10-08-2025,09-08-2025,Paid
F4403,S1403,Sem 3,10-08-2025,,Pending
F4404,S1404,Sem 3,10-08-2025,06-08-2025,Paid
F4405,S1405,Sem 3,10-08-2025,08-08-2025,Paid
F4406,S1406,Sem 3,10-08-2025,,Pending
F4407,S1407,Sem 3,10-08-2025,06-08-2025,Paid
F4408,S1408,Sem 3,10-08-2025,12-08-2025,Paid
F4409,S1409,Sem 3,10-08-2025,09-08-2025,Paid
F4410,S1410,Sem 3,10-08-2025,,Pending
F4411,S1411,Sem 3,10-08-2025,05-08-2025,Paid
F4412,S1412,Sem 3,10-08-2025,08-08-2025,Paid
F4413,S1413,Sem 3,10-08-2025,11-08-2025,Paid
F4414,S1414,Sem 3,10-08-2025,,Pending
F4415,S1415,Sem 3,10-08-2025,09-08-2025,Paid
F4416,S1416,Sem 3,10-08-2025,06-08-2025,Paid
F4417,S1417,Sem 3,10-08-2025,07-08-2025,Paid
F4418,S1418,Sem 3,10-08-2025,,Pending
F4419,S1419,Sem 3,10-08-2025,09-08-2025,Paid
F4420,S1420,Sem 3,10-08-2025,07-08-2025,Paid
F4421,S1421,Sem 3,10-08-2025,06-08-2025,Paid
F4422,S1422,Sem 3,10-08-2025,08-08-2025,Paid
F4423,S1423,Sem 3,10-08-2025,09-08-2025,Paid
F4424,S1424,Sem 3,10-08-2025,09-08-2025,Paid
F4425,S1425,Sem 3,10-08-2025,06-08-2025,Paid
F4426,S1426,Sem 3,10-08-2025,17-08-2025,Paid
F4427,S1427,Sem 3,10-08-2025,08-08-2025,Paid
F4428,S1428,Sem 3,10-08-2025,07-08-2025,Paid
F4429,S1429,Sem 3,10-08-2025,06-08-2025,Paid
F4430,S1430,Sem 3,10-08-2025,,Pending
F4431,S1431,Sem 3,10-08-2025,09-08-2025,Paid
F4432,S1432,Sem 3,10-08-2025,09-08-2025,Paid
F4433,S1433,Sem 3,10-08-2025,,Pending
F4434,S1434,Sem 3,10-08-2025,07-08-2025,Paid
F4435,S1435,Sem 3,10-08-2025,05-08-2025,Paid
F4436,S1436,Sem 3,10-08-2025,05-08-2025,Paid
F4437,S1437,Sem 3,10-08-2025,05-08-2025,Paid
F4438,S1438,Sem 3,10-08-2025,13-08-2025,Paid
F4439,S1439,Sem 3,10-08-2025,24-08-2025,Paid
F4440,S1440,Sem 3,10-08-2025,08-08-2025,Paid
F4441,S1441,Sem 3,10-08-2025,05-08-2025,Paid
F4442,S1442,Sem 3,10-08-2025,09-08-2025,Paid
F4443,S1443,Sem 3,10-08-2025,22-08-2025,Paid
F4444,S1444,Sem 3,10-08-2025,08-08-2025,Paid
F4445,S1445,Sem 3,10-08-2025,06-08-2025,Paid
F4446,S1446,Sem 3,10-08-2025,09-08-2025,Paid
F4447,S1447,Sem 3,10-08-2025,07-08-2025,Paid
F4448,S1448,Sem 3,10-08-2025,,Pending
F4449,S1449,Sem 3,10-08-2025,05-08-2025,Paid
F4450,S1450,Sem 3,10-08-2025,,Pending
F4451,S1451,Sem 3,10-08-2025,09-08-2025,Paid
F4452,S1452,Sem 3,10-08-2025,14-08-2025,Paid
F4453,S1453,Sem 3,10-08-2025,08-08-2025,Paid
F4454,S1454,Sem 3,10-08-2025,17-08-2025,Paid
F4455,S1455,Sem 3,10-08-2025,,Pending
F4456,S1456,Sem 3,10-08-2025,07-08-2025,Paid
F4457,S1457,Sem 3,10-08-2025,18-08-2025,Paid
F4458,S1458,Sem 3,10-08-2025,05-08-2025,Paid
F4459,S1459,Sem 3,10-08-2025,,Pending
F4460,S1460,Sem 3,10-08-2025,08-08-2025,Paid
F4461,S1461,Sem 3,10-08-2025,09-08-2025,Paid
F4462,S1462,Sem 3,10-08-2025,07-08-2025,Paid
F4463,S1463,Sem 3,10-08-2025,,Pending
F4464,S1464,Sem 3,10-08-2025,18-08-2025,Paid
F4465,S1465,Sem 3,10-08-2025,19-08-2025,Paid
F4466,S1466,Sem 3,10-08-2025,05-08-2025,Paid
F4467,S1467,Sem 3,10-08-2025,13-08-2025,Paid
F4468,S1468,Sem 3,10-08-2025,05-08-2025,Paid
F4469,S1469,Sem 3,10-08-2025,06-08-2025,Paid
F4470,S1470,Sem 3,10-08-2025,,Pending
F4471,S1471,Sem 3,10-08-2025,09-08-2025,Paid
F4472,S1472,Sem 3,10-08-2025,08-08-2025,Paid
F4473,S1473,Sem 3,10-08-2025,07-08-2025,Paid
F4474,S1474,Sem 3,10-08-2025,06-08-2025,Paid
F4475,S1475,Sem 3,10-08-2025,07-08-2025,Paid
F4476,S1476,Sem 3,10-08-2025,05-08-2025,Paid
F4477,S1477,Sem 3,10-08-2025,06-08-2025,Paid
F4478,S1478,Sem 3,10-08-2025,18-08-2025,Paid
F4479,S1479,Sem 3,10-08-2025,05-08-2025,Paid
F4480,S1480,Sem 3,10-08-2025,08-08-2025,Paid
F4481,S1481,Sem 3,10-08-2025,06-08-2025,Paid
F4482,S1482,Sem 3,10-08-2025,25-08-2025,Paid
F4483,S1483,Sem 3,10-08-2025,09-08-2025,Paid
F4484,S1484,Sem 3,10-08-2025,12-08-2025,Paid
F4485,S1485,Sem 3,10-08-2025,25-08-2025,Paid
F4486,S1486,Sem 3,10-08-2025,07-08-2025,Paid
F4487,S1487,Sem 3,10-08-2025,08-08-2025,Paid
F4488,S1488,Sem 3,10-08-2025,,Pending
F4489,S1489,Sem 3,10-08-2025,22-08-2025,Paid
F4490,S1490,Sem 3,10-08-2025,11-08-2025,Paid
F4491,S1491,Sem 3,10-08-2025,,Pending
F4492,S1492,Sem 3,10-08-2025,07-08-2025,Paid
F4493,S1493,Sem 3,10-08-2025,09-08-2025,Paid
F4494,S1494,Sem 3,10-08-2025,05-08-2025,Paid
F4495,S1495,Sem 3,10-08-2025,05-08-2025,Paid
F4496,S1496,Sem 3,10-08-2025,14-08-2025,Paid
F4497,S1497,Sem 3,10-08-2025,17-08-2025,Paid
F4498,S1498,Sem 3,10-08-2025,08-08-2025,Paid
F4499,S1499,Sem 3,10-08-2025,05-08-2025,Paid
F4500,S1500,Sem 3,10-08-2025,25-08-2025,Paid
F4501,S1501,Sem 3,10-08-2025,05-08-2025,Paid
F4502,S1502,Sem 3,10-08-2025,,Pending
F4503,S1503,Sem 3,10-08-2025,,Pending
F4504,S1504,Sem 3,10-08-2025,,Pending
F4505,S1505,Sem 3,10-08-2025,09-08-2025,Paid
F4506,S1506,Sem 3,10-08-2025,05-08-2025,Paid
F4507,S1507,Sem 3,10-08-2025,,Pending
F4508,S1508,Sem 3,10-08-2025,05-08-2025,Paid
F4509,S1509,Sem 3,10-08-2025,,Pending
F4510,S1510,Sem 3,10-08-2025,,Pending
F4511,S1511,Sem 3,10-08-2025,,Pending
F4512,S1512,Sem 3,10-08-2025,06-08-2025,Paid
F4513,S1513,Sem 3,10-08-2025,06-08-2025,Paid
F4514,S1514,Sem 3,10-08-2025,06-08-2025,Paid
F4515,S1515,Sem 3,10-08-2025,,Pending
F4516,S1516,Sem 3,10-08-2025,09-08-2025,Paid
F4517,S1517,Sem 3,10-08-2025,06-08-2025,Paid
F4518,S1518,Sem 3,10-08-2025,09-08-2025,Paid
F4519,S1519,Sem 3,10-08-2025,,Pending
F4520,S1520,Sem 3,10-08-2025,09-08-2025,Paid
F4521,S1521,Sem 3,10-08-2025,06-08-2025,Paid
F4522,S1522,Sem 3,10-08-2025,09-08-2025,Paid
F4523,S1523,Sem 3,10-08-2025,08-08-2025,Paid
F4524,S1524,Sem 3,10-08-2025,07-08-2025,Paid
F4525,S1525,Sem 3,10-08-2025,,Pending
F4526,S1526,Sem 3,10-08-2025,11-08-2025,Paid
F4527,S1527,Sem 3,10-08-2025,05-08-2025,Paid
F4528,S1528,Sem 3,10-08-2025,08-08-2025,Paid
F4529,S1529,Sem 3,10-08-2025,17-08-2025,Paid
F4530,S1530,Sem 3,10-08-2025,05-08-2025,Paid
F4531,S1531,Sem 3,10-08-2025,08-08-2025,Paid
F4532,S1532,Sem 3,10-08-2025,13-08-2025,Paid
F4533,S1533,Sem 3,10-08-2025,15-08-2025,Paid
F4534,S1534,Sem 3,10-08-2025,,Pending
F4535,S1535,Sem 3,10-08-2025,,Pending
F4536,S1536,Sem 3,10-08-2025,06-08-2025,Paid
F4537,S1537,Sem 3,10-08-2025,07-08-2025,Paid
F4538,S1538,Sem 3,10-08-2025,05-08-2025,Paid
F4539,S1539,Sem 3,10-08-2025,08-08-2025,Paid
F4540,S1540,Sem 3,10-08-2025,,Pending
F4541,S1541,Sem 3,10-08-2025,,Pending
F4542,S1542,Sem 3,10-08-2025,09-08-2025,Paid
F4543,S1543,Sem 3,10-08-2025,17-08-2025,Paid
F4544,S1544,Sem 3,10-08-2025,06-08-2025,Paid
F4545,S1545,Sem 3,10-08-2025,19-08-2025,Paid
F4546,S1546,Sem 3,10-08-2025,,Pending
F4547,S1547,Sem 3,10-08-2025,07-08-2025,Paid
F4548,S1548,Sem 3,10-08-2025,,Pending
F4549,S1549,Sem 3,10-08-2025,,Pending
F4550,S1550,Sem 3,10-08-2025,08-08-2025,Paid
F4551,S1551,Sem 3,10-08-2025,05-08-2025,Paid
F4552,S1552,Sem 3,10-08-2025,,Pending
F4553,S1553,Sem 3,10-08-2025,05-08-2025,Paid
F4554,S1554,Sem 3,10-08-2025,08-08-2025,Paid
F4555,S1555,Sem 3,10-08-2025,,Pending
F4556,S1556,Sem 3,10-08-2025,07-08-2025,Paid
F4557,S1557,Sem 3,10-08-2025,,Pending
F4558,S1558,Sem 3,10-08-2025,09-08-2025,Paid
F4559,S1559,Sem 3,10-08-2025,09-08-2025,Paid
F4560,S1560,Sem 3,10-08-2025,,Pending
F4561,S1561,Sem 3,10-08-2025,,Pending
F4562,S1562,Sem 3,10-08-2025,06-08-2025,Paid
F4563,S1563,Sem 3,10-08-2025,05-08-2025,Paid
F4564,S1564,Sem 3,10-08-2025,05-08-2025,Paid
F4565,S1565,Sem 3,10-08-2025,05-08-2025,Paid
F4566,S1566,Sem 3,10-08-2025,,Pending
F4567,S1567,Sem 3,10-08-2025,05-08-2025,Paid
F4568,S1568,Sem 3,10-08-2025,18-08-2025,Paid
F4569,S1569,Sem 3,10-08-2025,06-08-2025,Paid
F4570,S1570,Sem 3,10-08-2025,06-08-2025,Paid
F4571,S1571,Sem 3,10-08-2025,15-08-2025,Paid
F4572,S1572,Sem 3,10-08-2025,,Pending
F4573,S1573,Sem 3,10-08-2025,,Pending
F4574,S1574,Sem 3,10-08-2025,08-08-2025,Paid
F4575,S1575,Sem 3,10-08-2025,05-08-2025,Paid
F4576,S1576,Sem 3,10-08-2025,14-08-2025,Paid
F4577,S1577,Sem 3,10-08-2025,07-08-2025,Paid
F4578,S1578,Sem 3,10-08-2025,08-08-2025,Paid
F4579,S1579,Sem 3,10-08-2025,13-08-2025,Paid
F4580,S1580,Sem 3,10-08-2025,08-08-2025,Paid
F4581,S1581,Sem 3,10-08-2025,23-08-2025,Paid
F4582,S1582,Sem 3,10-08-2025,07-08-2025,Paid
F4583,S1583,Sem 3,10-08-2025,17-08-2025,Paid
F4584,S1584,Sem 3,10-08-2025,20-08-2025,Paid
F4585,S1585,Sem 3,10-08-2025,06-08-2025,Paid
F4586,S1586,Sem 3,10-08-2025,08-08-2025,Paid
F4587,S1587,Sem 3,10-08-2025,05-08-2025,Paid
F4588,S1588,Sem 3,10-08-2025,14-08-2025,Paid
F4589,S1589,Sem 3,10-08-2025,07-08-2025,Paid
F4590,S1590,Sem 3,10-08-2025,08-08-2025,Paid
F4591,S1591,Sem 3,10-08-2025,,Pending
F4592,S1592,Sem 3,10-08-2025,21-08-2025,Paid
F4593,S1593,Sem 3,10-08-2025,,Pending
F4594,S1594,Sem 3,10-08-2025,06-08-2025,Paid
F4595,S1595,Sem 3,10-08-2025,08-08-2025,Paid
F4596,S1596,Sem 3,10-08-2025,,Pending
F4597,S1597,Sem 3,10-08-2025,21-08-2025,Paid
F4598,S1598,Sem 3,10-08-2025,07-08-2025,Paid
F4599,S1599,Sem 3,10-08-2025,,Pending
F4600,S1600,Sem 3,10-08-2025,18-08-2025,Paid
F4601,S1601,Sem 3,10-08-2025,08-08-2025,Paid
F4602,S1602,Sem 3,10-08-2025,06-08-2025,Paid
F4603,S1603,Sem 3,10-08-2025,09-08-2025,Paid
F4604,S1604,Sem 3,10-08-2025,,Pending
F4605,S1605,Sem 3,10-08-2025,05-08-2025,Paid
F4606,S1606,Sem 3,10-08-2025,09-08-2025,Paid
F4607,S1607,Sem 3,10-08-2025,05-08-2025,Paid
F4608,S1608,Sem 3,10-08-2025,08-08-2025,Paid
F4609,S1609,Sem 3,10-08-2025,08-08-2025,Paid
F4610,S1610,Sem 3,10-08-2025,19-08-2025,Paid
F4611,S1611,Sem 3,10-08-2025,07-08-2025,Paid
F4612,S1612,Sem 3,10-08-2025,06-08-2025,Paid
F4613,S1613,Sem 3,10-08-2025,16-08-2025,Paid
F4614,S1614,Sem 3,10-08-2025,08-08-2025,Paid
F4615,S1615,Sem 3,10-08-2025,,Pending
F4616,S1616,Sem 3,10-08-2025,,Pending
F4617,S1617,Sem 3,10-08-2025,07-08-2025,Paid
F4618,S1618,Sem 3,10-08-2025,07-08-2025,Paid
F4619,S1619,Sem 3,10-08-2025,,Pending
F4620,S1620,Sem 3,10-08-2025,07-08-2025,Paid
F4621,S1621,Sem 3,10-08-2025,09-08-2025,Paid
F4622,S1622,Sem 3,10-08-2025,07-08-2025,Paid
F4623,S1623,Sem 3,10-08-2025,13-08-2025,Paid
F4624,S1624,Sem 3,10-08-2025,,Pending
F4625,S1625,Sem 3,10-08-2025,08-08-2025,Paid
F4626,S1626,Sem 3,10-08-2025,06-08-2025,Paid
F4627,S1627,Sem 3,10-08-2025,08-08-2025,Paid
F4628,S1628,Sem 3,10-08-2025,,Pending
F4629,S1629,Sem 3,10-08-2025,05-08-2025,Paid
F4630,S1630,Sem 3,10-08-2025,09-08-2025,Paid
F4631,S1631,Sem 3,10-08-2025,07-08-2025,Paid
F4632,S1632,Sem 3,10-08-2025,19-08-2025,Paid
F4633,S1633,Sem 3,10-08-2025,,Pending
F4634,S1634,Sem 3,10-08-2025,17-08-2025,Paid
F4635,S1635,Sem 3,10-08-2025,09-08-2025,Paid
F4636,S1636,Sem 3,10-08-2025,05-08-2025,Paid
F4637,S1637,Sem 3,10-08-2025,25-08-2025,Paid
F4638,S1638,Sem 3,10-08-2025,09-08-2025,Paid
F4639,S1639,Sem 3,10-08-2025,07-08-2025,Paid
F4640,S1640,Sem 3,10-08-2025,,Pending
F4641,S1641,Sem 3,10-08-2025,08-08-2025,Paid
F4642,S1642,Sem 3,10-08-2025,15-08-2025,Paid
F4643,S1643,Sem 3,10-08-2025,,Pending
F4644,S1644,Sem 3,10-08-2025,07-08-2025,Paid
F4645,S1645,Sem 3,10-08-2025,06-08-2025,Paid
F4646,S1646,Sem 3,10-08-2025,07-08-2025,Paid
F4647,S1647,Sem 3,10-08-2025,06-08-2025,Paid
F4648,S1648,Sem 3,10-08-2025,09-08-2025,Paid
F4649,S1649,Sem 3,10-08-2025,,Pending
F4650,S1650,Sem 3,10-08-2025,,Pending
F4651,S1651,Sem 3,10-08-2025,08-08-2025,Paid
F4652,S1652,Sem 3,10-08-2025,08-08-2025,Paid
F4653,S1653,Sem 3,10-08-2025,,Pending
F4654,S1654,Sem 3,10-08-2025,,Pending
F4655,S1655,Sem 3,10-08-2025,,Pending
F4656,S1656,Sem 3,10-08-2025,,Pending
F4657,S1657,Sem 3,10-08-2025,09-08-2025,Paid
F4658,S1658,Sem 3,10-08-2025,,Pending
F4659,S1659,Sem 3,10-08-2025,21-08-2025,Paid
F4660,S1660,Sem 3,10-08-2025,13-08-2025,Paid
F4661,S1661,Sem 3,10-08-2025,05-08-2025,Paid
F4662,S1662,Sem 3,10-08-2025,08-08-2025,Paid
F4663,S1663,Sem 3,10-08-2025,07-08-2025,Paid
F4664,S1664,Sem 3,10-08-2025,,Pending
F4665,S1665,Sem 3,10-08-2025,08-08-2025,Paid
F4666,S1666,Sem 3,10-08-2025,06-08-2025,Paid
F4667,S1667,Sem 3,10-08-2025,20-08-2025,Paid
F4668,S1668,Sem 3,10-08-2025,06-08-2025,Paid
F4669,S1669,Sem 3,10-08-2025,24-08-2025,Paid
F4670,S1670,Sem 3,10-08-2025,,Pending
F4671,S1671,Sem 3,10-08-2025,09-08-2025,Paid
F4672,S1672,Sem 3,10-08-2025,08-08-2025,Paid
F4673,S1673,Sem 3,10-08-2025,,Pending
F4674,S1674,Sem 3,10-08-2025,09-08-2025,Paid
F4675,S1675,Sem 3,10-08-2025,09-08-2025,Paid
F4676,S1676,Sem 3,10-08-2025,08-08-2025,Paid
F4677,S1677,Sem 3,10-08-2025,09-08-2025,Paid
F4678,S1678,Sem 3,10-08-2025,05-08-2025,Paid
F4679,S1679,Sem 3,10-08-2025,05-08-2025,Paid
F4680,S1680,Sem 3,10-08-2025,16-08-2025,Paid
F4681,S1681,Sem 3,10-08-2025,25-08-2025,Paid
F4682,S1682,Sem 3,10-08-2025,,Pending
F4683,S1683,Sem 3,10-08-2025,05-08-2025,Paid
F4684,S1684,Sem 3,10-08-2025,23-08-2025,Paid
F4685,S1685,Sem 3,10-08-2025,06-08-2025,Paid
F4686,S1686,Sem 3,10-08-2025,,Pending
F4687,S1687,Sem 3,10-08-2025,20-08-2025,Paid
F4688,S1688,Sem 3,10-08-2025,07-08-2025,Paid
F4689,S1689,Sem 3,10-08-2025,07-08-2025,Paid
F4690,S1690,Sem 3,10-08-2025,,Pending
F4691,S1691,Sem 3,10-08-2025,05-08-2025,Paid
F4692,S1692,Sem 3,10-08-2025,17-08-2025,Paid
F4693,S1693,Sem 3,10-08-2025,13-08-2025,Paid
F4694,S1694,Sem 3,10-08-2025,06-08-2025,Paid
F4695,S1695,Sem 3,10-08-2025,24-08-2025,Paid
F4696,S1696,Sem 3,10-08-2025,09-08-2025,Paid
F4697,S1697,Sem 3,10-08-2025,09-08-2025,Paid
F4698,S1698,Sem 3,10-08-2025,,Pending
F4699,S1699,Sem 3,10-08-2025,21-08-2025,Paid
F4700,S1700,Sem 3,10-08-2025,05-08-2025,Paid
F4701,S1701,Sem 3,10-08-2025,09-08-2025,Paid
F4702,S1702,Sem 3,10-08-2025,05-08-2025,Paid
F4703,S1703,Sem 3,10-08-2025,05-08-2025,Paid
F4704,S1704,Sem 3,10-08-2025,08-08-2025,Paid
F4705,S1705,Sem 3,10-08-2025,16-08-2025,Paid
F4706,S1706,Sem 3,10-08-2025,13-08-2025,Paid
F4707,S1707,Sem 3,10-08-2025,05-08-2025,Paid
F4708,S1708,Sem 3,10-08-2025,21-08-2025,Paid
F4709,S1709,Sem 3,10-08-2025,08-08-2025,Paid
F4710,S1710,Sem 3,10-08-2025,19-08-2025,Paid
F4711,S1711,Sem 3,10-08-2025,07-08-2025,Paid
F4712,S1712,Sem 3,10-08-2025,05-08-2025,Paid
F4713,S1713,Sem 3,10-08-2025,05-08-2025,Paid
F4714,S1714,Sem 3,10-08-2025,08-08-2025,Paid
F4715,S1715,Sem 3,10-08-2025,05-08-2025,Paid
F4716,S1716,Sem 3,10-08-2025,05-08-2025,Paid
F4717,S1717,Sem 3,10-08-2025,09-08-2025,Paid
F4718,S1718,Sem 3,10-08-2025,06-08-2025,Paid
F4719,S1719,Sem 3,10-08-2025,,Pending
F4720,S1720,Sem 3,10-08-2025,05-08-2025,Paid
F4721,S1721,Sem 3,10-08-2025,,Pending
F4722,S1722,Sem 3,10-08-2025,22-08-2025,Paid
F4723,S1723,Sem 3,10-08-2025,07-08-2025,Paid
F4724,S1724,Sem 3,10-08-2025,17-08-2025,Paid
F4725,S1725,Sem 3,10-08-2025,09-08-2025,Paid
F4726,S1726,Sem 3,10-08-2025,19-08-2025,Paid
F4727,S1727,Sem 3,10-08-2025,,Pending
F4728,S1728,Sem 3,10-08-2025,09-08-2025,Paid
F4729,S1729,Sem 3,10-08-2025,09-08-2025,Paid
F4730,S1730,Sem 3,10-08-2025,09-08-2025,Paid
F4731,S1731,Sem 3,10-08-2025,07-08-2025,Paid
F4732,S1732,Sem 3,10-08-2025,07-08-2025,Paid
F4733,S1733,Sem 3,10-08-2025,08-08-2025,Paid
F4734,S1734,Sem 3,10-08-2025,,Pending
F4735,S1735,Sem 3,10-08-2025,24-08-2025,Paid
F4736,S1736,Sem 3,10-08-2025,,Pending
F4737,S1737,Sem 3,10-08-2025,,Pending
F4738,S1738,Sem 3,10-08-2025,08-08-2025,Paid
F4739,S1739,Sem 3,10-08-2025,,Pending
F4740,S1740,Sem 3,10-08-2025,07-08-2025,Paid
F4741,S1741,Sem 3,10-08-2025,,Pending
F4742,S1742,Sem 3,10-08-2025,08-08-2025,Paid
F4743,S1743,Sem 3,10-08-2025,07-08-2025,Paid
F4744,S1744,Sem 3,10-08-2025,08-08-2025,Paid
F4745,S1745,Sem 3,10-08-2025,08-08-2025,Paid
F4746,S1746,Sem 3,10-08-2025,09-08-2025,Paid
F4747,S1747,Sem 3,10-08-2025,,Pending
F4748,S1748,Sem 3,10-08-2025,08-08-2025,Paid
F4749,S1749,Sem 3,10-08-2025,,Pending
F4750,S1750,Sem 3,10-08-2025,,Pending
F4751,S1751,Sem 3,10-08-2025,,Pending
F4752,S1752,Sem 3,10-08-2025,05-08-2025,Paid
F4753,S1753,Sem 3,10-08-2025,05-08-2025,Paid
F4754,S1754,Sem 3,10-08-2025,05-08-2025,Paid
F4755,S1755,Sem 3,10-08-2025,,Pending
F4756,S1756,Sem 3,10-08-2025,,Pending
F4757,S1757,Sem 3,10-08-2025,09-08-2025,Paid
F4758,S1758,Sem 3,10-08-2025,08-08-2025,Paid
F4759,S1759,Sem 3,10-08-2025,06-08-2025,Paid
F4760,S1760,Sem 3,10-08-2025,11-08-2025,Paid
F4761,S1761,Sem 3,10-08-2025,06-08-2025,Paid
F4762,S1762,Sem 3,10-08-2025,25-08-2025,Paid
F4763,S1763,Sem 3,10-08-2025,06-08-2025,Paid
F4764,S1764,Sem 3,10-08-2025,22-08-2025,Paid
F4765,S1765,Sem 3,10-08-2025,,Pending
F4766,S1766,Sem 3,10-08-2025,14-08-2025,Paid
F4767,S1767,Sem 3,10-08-2025,12-08-2025,Paid
F4768,S1768,Sem 3,10-08-2025,,Pending
F4769,S1769,Sem 3,10-08-2025,,Pending
F4770,S1770,Sem 3,10-08-2025,07-08-2025,Paid
F4771,S1771,Sem 3,10-08-2025,05-08-2025,Paid
F4772,S1772,Sem 3,10-08-2025,18-08-2025,Paid
F4773,S1773,Sem 3,10-08-2025,22-08-2025,Paid
F4774,S1774,Sem 3,10-08-2025,,Pending
F4775,S1775,Sem 3,10-08-2025,09-08-2025,Paid
F4776,S1776,Sem 3,10-08-2025,09-08-2025,Paid
F4777,S1777,Sem 3,10-08-2025,,Pending
F4778,S1778,Sem 3,10-08-2025,08-08-2025,Paid
F4779,S1779,Sem 3,10-08-2025,15-08-2025,Paid
F4780,S1780,Sem 3,10-08-2025,05-08-2025,Paid
F4781,S1781,Sem 3,10-08-2025,,Pending
F4782,S1782,Sem 3,10-08-2025,,Pending
F4783,S1783,Sem 3,10-08-2025,06-08-2025,Paid
F4784,S1784,Sem 3,10-08-2025,,Pending
F4785,S1785,Sem 3,10-08-2025,07-08-2025,Paid
F4786,S1786,Sem 3,10-08-2025,07-08-2025,Paid
F4787,S1787,Sem 3,10-08-2025,05-08-2025,Paid
F4788,S1788,Sem 3,10-08-2025,09-08-2025,Paid
F4789,S1789,Sem 3,10-08-2025,05-08-2025,Paid
F4790,S1790,Sem 3,10-08-2025,06-08-2025,Paid
F4791,S1791,Sem 3,10-08-2025,07-08-2025,Paid
F4792,S1792,Sem 3,10-08-2025,,Pending
F4793,S1793,Sem 3,10-08-2025,,Pending
F4794,S1794,Sem 3,10-08-2025,06-08-2025,Paid
F4795,S1795,Sem 3,10-08-2025,,Pending
F4796,S1796,Sem 3,10-08-2025,08-08-2025,Paid
F4797,S1797,Sem 3,10-08-2025,,Pending
F4798,S1798,Sem 3,10-08-2025,07-08-2025,Paid
F4799,S1799,Sem 3,10-08-2025,,Pending
F4800,S1800,Sem 3,10-08-2025,05-08-2025,Paid
F4801,S1801,Sem 3,10-08-2025,06-08-2025,Paid
F4802,S1802,Sem 3,10-08-2025,06-08-2025,Paid
F4803,S1803,Sem 3,10-08-2025,05-08-2025,Paid
F4804,S1804,Sem 3,10-08-2025,,Pending
F4805,S1805,Sem 3,10-08-2025,08-08-2025,Paid
F4806,S1806,Sem 3,10-08-2025,09-08-2025,Paid
F4807,S1807,Sem 3,10-08-2025,,Pending
F4808,S1808,Sem 3,10-08-2025,22-08-2025,Paid
F4809,S1809,Sem 3,10-08-2025,,Pending
F4810,S1810,Sem 3,10-08-2025,,Pending
F4811,S1811,Sem 3,10-08-2025,05-08-2025,Paid
F4812,S1812,Sem 3,10-08-2025,,Pending
F4813,S1813,Sem 3,10-08-2025,05-08-2025,Paid
F4814,S1814,Sem 3,10-08-2025,05-08-2025,Paid
F4815,S1815,Sem 3,10-08-2025,,Pending
F4816,S1816,Sem 3,10-08-2025,07-08-2025,Paid
F4817,S1817,Sem 3,10-08-2025,20-08-2025,Paid
F4818,S1818,Sem 3,10-08-2025,09-08-2025,Paid
F4819,S1819,Sem 3,10-08-2025,05-08-2025,Paid
F4820,S1820,Sem 3,10-08-2025,05-08-2025,Paid
F4821,S1821,Sem 3,10-08-2025,09-08-2025,Paid
F4822,S1822,Sem 3,10-08-2025,06-08-2025,Paid
F4823,S1823,Sem 3,10-08-2025,05-08-2025,Paid
F4824,S1824,Sem 3,10-08-2025,07-08-2025,Paid
F4825,S1825,Sem 3,10-08-2025,06-08-2025,Paid
F4826,S1826,Sem 3,10-08-2025,05-08-2025,Paid
F4827,S1827,Sem 3,10-08-2025,07-08-2025,Paid
F4828,S1828,Sem 3,10-08-2025,06-08-2025,Paid
F4829,S1829,Sem 3,10-08-2025,,Pending
F4830,S1830,Sem 3,10-08-2025,05-08-2025,Paid
F4831,S1831,Sem 3,10-08-2025,09-08-2025,Paid
F4832,S1832,Sem 3,10-08-2025,23-08-2025,Paid
F4833,S1833,Sem 3,10-08-2025,08-08-2025,Paid
F4834,S1834,Sem 3,10-08-2025,,Pending
F4835,S1835,Sem 3,10-08-2025,,Pending
F4836,S1836,Sem 3,10-08-2025,05-08-2025,Paid
F4837,S1837,Sem 3,10-08-2025,09-08-2025,Paid
F4838,S1838,Sem 3,10-08-2025,05-08-2025,Paid
F4839,S1839,Sem 3,10-08-2025,18-08-2025,Paid
F4840,S1840,Sem 3,10-08-2025,13-08-2025,Paid
F4841,S1841,Sem 3,10-08-2025,,Pending
F4842,S1842,Sem 3,10-08-2025,07-08-2025,Paid
F4843,S1843,Sem 3,10-08-2025,09-08-2025,Paid
F4844,S1844,Sem 3,10-08-2025,07-08-2025,Paid
F4845,S1845,Sem 3,10-08-2025,07-08-2025,Paid
F4846,S1846,Sem 3,10-08-2025,05-08-2025,Paid
F4847,S1847,Sem 3,10-08-2025,,Pending
F4848,S1848,Sem 3,10-08-2025,14-08-2025,Paid
F4849,S1849,Sem 3,10-08-2025,,Pending
F4850,S1850,Sem 3,10-08-2025,,Pending
F4851,S1851,Sem 3,10-08-2025,,Pending
F4852,S1852,Sem 3,10-08-2025,09-08-2025,Paid
F4853,S1853,Sem 3,10-08-2025,,Pending
F4854,S1854,Sem 3,10-08-2025,05-08-2025,Paid
F4855,S1855,Sem 3,10-08-2025,07-08-2025,Paid
F4856,S1856,Sem 3,10-08-2025,,Pending
F4857,S1857,Sem 3,10-08-2025,09-08-2025,Paid
F4858,S1858,Sem 3,10-08-2025,06-08-2025,Paid
F4859,S1859,Sem 3,10-08-2025,,Pending
F4860,S1860,Sem 3,10-08-2025,09-08-2025,Paid
F4861,S1861,Sem 3,10-08-2025,05-08-2025,Paid
F4862,S1862,Sem 3,10-08-2025,23-08-2025,Paid
F4863,S1863,Sem 3,10-08-2025,05-08-2025,Paid
F4864,S1864,Sem 3,10-08-2025,08-08-2025,Paid
F4865,S1865,Sem 3,10-08-2025,08-08-2025,Paid
F4866,S1866,Sem 3,10-08-2025,08-08-2025,Paid
F4867,S1867,Sem 3,10-08-2025,,Pending
F4868,S1868,Sem 3,10-08-2025,,Pending
F4869,S1869,Sem 3,10-08-2025,07-08-2025,Paid
F4870,S1870,Sem 3,10-08-2025,07-08-2025,Paid
F4871,S1871,Sem 3,10-08-2025,07-08-2025,Paid
F4872,S1872,Sem 3,10-08-2025,23-08-2025,Paid
F4873,S1873,Sem 3,10-08-2025,,Pending
F4874,S1874,Sem 3,10-08-2025,05-08-2025,Paid
F4875,S1875,Sem 3,10-08-2025,05-08-2025,Paid
F4876,S1876,Sem 3,10-08-2025,07-08-2025,Paid
F4877,S1877,Sem 3,10-08-2025,07-08-2025,Paid
F4878,S1878,Sem 3,10-08-2025,05-08-2025,Paid
F4879,S1879,Sem 3,10-08-2025,21-08-2025,Paid
F4880,S1880,Sem 3,10-08-2025,05-08-2025,Paid
F4881,S1881,Sem 3,10-08-2025,08-08-2025,Paid
F4882,S1882,Sem 3,10-08-2025,06-08-2025,Paid
F4883,S1883,Sem 3,10-08-2025,,Pending
F4884,S1884,Sem 3,10-08-2025,09-08-2025,Paid
F4885,S1885,Sem 3,10-08-2025,07-08-2025,Paid
F4886,S1886,Sem 3,10-08-2025,09-08-2025,Paid
F4887,S1887,Sem 3,10-08-2025,06-08-2025,Paid
F4888,S1888,Sem 3,10-08-2025,20-08-2025,Paid
F4889,S1889,Sem 3,10-08-2025,,Pending
F4890,S1890,Sem 3,10-08-2025,,Pending
F4891,S1891,Sem 3,10-08-2025,,Pending
F4892,S1892,Sem 3,10-08-2025,,Pending
F4893,S1893,Sem 3,10-08-2025,07-08-2025,Paid
F4894,S1894,Sem 3,10-08-2025,09-08-2025,Paid
F4895,S1895,Sem 3,10-08-2025,05-08-2025,Paid
F4896,S1896,Sem 3,10-08-2025,07-08-2025,Paid
F4897,S1897,Sem 3,10-08-2025,06-08-2025,Paid
F4898,S1898,Sem 3,10-08-2025,07-08-2025,Paid
F4899,S1899,Sem 3,10-08-2025,05-08-2025,Paid
F4900,S1900,Sem 3,10-08-2025,,Pending
F4901,S1901,Sem 3,10-08-2025,07-08-2025,Paid
F4902,S1902,Sem 3,10-08-2025,05-08-2025,Paid
F4903,S1903,Sem 3,10-08-2025,13-08-2025,Paid
F4904,S1904,Sem 3,10-08-2025,06-08-2025,Paid
F4905,S1905,Sem 3,10-08-2025,07-08-2025,Paid
F4906,S1906,Sem 3,10-08-2025,09-08-2025,Paid
F4907,S1907,Sem 3,10-08-2025,13-08-2025,Paid
F4908,S1908,Sem 3,10-08-2025,,Pending
F4909,S1909,Sem 3,10-08-2025,05-08-2025,Paid
F4910,S1910,Sem 3,10-08-2025,07-08-2025,Paid
F4911,S1911,Sem 3,10-08-2025,07-08-2025,Paid
F4912,S1912,Sem 3,10-08-2025,12-08-2025,Paid
F4913,S1913,Sem 3,10-08-2025,05-08-2025,Paid
F4914,S1914,Sem 3,10-08-2025,,Pending
F4915,S1915,Sem 3,10-08-2025,09-08-2025,Paid
F4916,S1916,Sem 3,10-08-2025,08-08-2025,Paid
F4917,S1917,Sem 3,10-08-2025,05-08-2025,Paid
F4918,S1918,Sem 3,10-08-2025,05-08-2025,Paid
F4919,S1919,Sem 3,10-08-2025,14-08-2025,Paid
F4920,S1920,Sem 3,10-08-2025,,Pending
F4921,S1921,Sem 3,10-08-2025,,Pending
F4922,S1922,Sem 3,10-08-2025,,Pending
F4923,S1923,Sem 3,10-08-2025,07-08-2025,Paid
F4924,S1924,Sem 3,10-08-2025,09-08-2025,Paid
F4925,S1925,Sem 3,10-08-2025,09-08-2025,Paid
F4926,S1926,Sem 3,10-08-2025,08-08-2025,Paid
F4927,S1927,Sem 3,10-08-2025,05-08-2025,Paid
F4928,S1928,Sem 3,10-08-2025,07-08-2025,Paid
F4929,S1929,Sem 3,10-08-2025,,Pending
F4930,S1930,Sem 3,10-08-2025,09-08-2025,Paid
F4931,S1931,Sem 3,10-08-2025,05-08-2025,Paid
F4932,S1932,Sem 3,10-08-2025,07-08-2025,Paid
F4933,S1933,Sem 3,10-08-2025,08-08-2025,Paid
F4934,S1934,Sem 3,10-08-2025,,Pending
F4935,S1935,Sem 3,10-08-2025,,Pending
F4936,S1936,Sem 3,10-08-2025,,Pending
F4937,S1937,Sem 3,10-08-2025,08-08-2025,Paid
F4938,S1938,Sem 3,10-08-2025,07-08-2025,Paid
F4939,S1939,Sem 3,10-08-2025,,Pending
F4940,S1940,Sem 3,10-08-2025,06-08-2025,Paid
F4941,S1941,Sem 3,10-08-2025,09-08-2025,Paid
F4942,S1942,Sem 3,10-08-2025,19-08-2025,Paid
F4943,S1943,Sem 3,10-08-2025,13-08-2025,Paid
F4944,S1944,Sem 3,10-08-2025,22-08-2025,Paid
F4945,S1945,Sem 3,10-08-2025,,Pending
F4946,S1946,Sem 3,10-08-2025,06-08-2025,Paid
F4947,S1947,Sem 3,10-08-2025,09-08-2025,Paid
F4948,S1948,Sem 3,10-08-2025,06-08-2025,Paid
F4949,S1949,Sem 3,10-08-2025,07-08-2025,Paid
F4950,S1950,Sem 3,10-08-2025,09-08-2025,Paid
F4951,S1951,Sem 3,10-08-2025,09-08-2025,Paid
F4952,S1952,Sem 3,10-08-2025,06-08-2025,Paid
F4953,S1953,Sem 3,10-08-2025,06-08-2025,Paid
F4954,S1954,Sem 3,10-08-2025,16-08-2025,Paid
F4955,S1955,Sem 3,10-08-2025,18-08-2025,Paid
F4956,S1956,Sem 3,10-08-2025,07-08-2025,Paid
F4957,S1957,Sem 3,10-08-2025,06-08-2025,Paid
F4958,S1958,Sem 3,10-08-2025,07-08-2025,Paid
F4959,S1959,Sem 3,10-08-2025,07-08-2025,Paid
F4960,S1960,Sem 3,10-08-2025,07-08-2025,Paid
F4961,S1961,Sem 3,10-08-2025,15-08-2025,Paid
F4962,S1962,Sem 3,10-08-2025,09-08-2025,Paid
F4963,S1963,Sem 3,10-08-2025,,Pending
F4964,S1964,Sem 3,10-08-2025,24-08-2025,Paid
F4965,S1965,Sem 3,10-08-2025,08-08-2025,Paid
F4966,S1966,Sem 3,10-08-2025,08-08-2025,Paid
F4967,S1967,Sem 3,10-08-2025,12-08-2025,Paid
F4968,S1968,Sem 3,10-08-2025,08-08-2025,Paid
F4969,S1969,Sem 3,10-08-2025,06-08-2025,Paid
F4970,S1970,Sem 3,10-08-2025,07-08-2025,Paid
F4971,S1971,Sem 3,10-08-2025,07-08-2025,Paid
F4972,S1972,Sem 3,10-08-2025,06-08-2025,Paid
F4973,S1973,Sem 3,10-08-2025,07-08-2025,Paid
F4974,S1974,Sem 3,10-08-2025,,Pending
F4975,S1975,Sem 3,10-08-2025,09-08-2025,Paid
F4976,S1976,Sem 3,10-08-2025,,Pending
F4977,S1977,Sem 3,10-08-2025,,Pending
F4978,S1978,Sem 3,10-08-2025,08-08-2025,Paid
F4979,S1979,Sem 3,10-08-2025,06-08-2025,Paid
F4980,S1980,Sem 3,10-08-2025,09-08-2025,Paid
F4981,S1981,Sem 3,10-08-2025,05-08-2025,Paid
F4982,S1982,Sem 3,10-08-2025,07-08-2025,Paid
F4983,S1983,Sem 3,10-08-2025,,Pending
F4984,S1984,Sem 3,10-08-2025,18-08-2025,Paid
F4985,S1985,Sem 3,10-08-2025,,Pending
F4986,S1986,Sem 3,10-08-2025,09-08-2025,Paid
F4987,S1987,Sem 3,10-08-2025,,Pending
F4988,S1988,Sem 3,10-08-2025,20-08-2025,Paid
F4989,S1989,Sem 3,10-08-2025,,Pending
F4990,S1990,Sem 3,10-08-2025,,Pending
F4991,S1991,Sem 3,10-08-2025,08-08-2025,Paid
F4992,S1992,Sem 3,10-08-2025,09-08-2025,Paid
F4993,S1993,Sem 3,10-08-2025,07-08-2025,Paid
F4994,S1994,Sem 3,10-08-2025,05-08-2025,Paid
F4995,S1995,Sem 3,10-08-2025,08-08-2025,Paid
F4996,S1996,Sem 3,10-08-2025,,Pending
F4997,S1997,Sem 3,10-08-2025,05-08-2025,Paid
F4998,S1998,Sem 3,10-08-2025,08-08-2025,Paid
F4999,S1999,Sem 3,10-08-2025,08-08-2025,Paid
F5000,S2000,Sem 3,10-08-2025,05-08-2025,Paid
