StudentID,Name,Department,MentorID,GuardianContact,AttendancePercentage,AverageMarks,FeeStatus
S1001,Raksha Purohit,CIVIL,M101,8017324061.0,56.00000000000001,41.5,Pending
S1002,Lakshmi Chadha,CSE,M102,5665241230.0,72.0,40.5,Pending
S1003,Kala Apte,ECE,M103,911487000000.0,86.0,83.0,Paid
S1004,Arunima Dutta,EEE,M104,4797417866.0,98.0,92.0,Paid
S1005,Darika Wali,EEE,M105,8737790206.0,86.0,81.0,Paid
S1006,Qushi Kala,CIVIL,M106,6942125868.0,84.0,79.0,Paid
S1007,Jeevika Doctor,CIVIL,M107,5660034706.0,96.0,87.0,Paid
S1008,Wazir Wagle,CIVIL,M108,918193000000.0,72.0,70.0,Paid
S1009,Sneha Trivedi,MECH,M109,7084896132.0,66.0,39.5,Pending
S1010,Tanish Peri,EEE,M110,3316074948.0,98.0,97.0,Paid
S1011,Chandran Chaudhary,CIVIL,M101,916241000000.0,70.0,71.0,Paid
S1012,Aarna Swaminathan,CIVIL,M102,7655053348.0,78.0,80.0,Paid
S1013,Zaid Sarin,EEE,M103,913100000000.0,86.0,66.0,Paid
S1014,Warda Dada,MECH,M104,3480216411.0,92.0,74.0,Paid
S1015,Ishanvi Rege,CSE,M105,9021638835.0,82.0,83.0,Paid
S1016,Zaid Konda,CSE,M106,2741269967.0,66.0,46.0,Pending
S1017,Chaitaly Mani,ECE,M107,9444727744.0,70.0,46.25,Pending
S1018,Falak Verma,CIVIL,M108,9200406654.0,64.0,35.75,Pending
S1019,Hema Chhabra,ECE,M109,2074625580.0,66.0,35.0,Pending
S1020,Jason Shenoy,ECE,M110,911183000000.0,94.0,88.0,Paid
S1021,Neha Tata,EEE,M101,2624704930.0,74.0,40.0,Paid
S1022,Aditya Bora,ECE,M102,3874257762.0,64.0,36.5,Pending
S1023,Viraj Ramanathan,CIVIL,M103,8252776922.0,76.0,86.0,Paid
S1024,Timothy Kata,MECH,M104,6273968332.0,84.0,65.0,Paid
S1025,Nandini Shroff,ECE,M105,1840949875.0,64.0,39.25,Pending
S1026,Timothy Mody,ECE,M106,911752000000.0,82.0,44.0,Paid
S1027,Patrick Viswanathan,MECH,M107,7683919064.0,57.99999999999999,44.5,Pending
S1028,Nikita Loke,CSE,M108,2859762536.0,78.0,35.0,Pending
S1029,Mitesh Mutti,ECE,M109,914132000000.0,70.0,43.5,Pending
S1030,Ubika Shere,EEE,M110,4131945553.0,90.0,65.0,Paid
S1031,Pushti Kade,MECH,M101,919621000000.0,82.0,76.0,Paid
S1032,Chandran Gour,CIVIL,M102,6849723004.0,82.0,66.0,Paid
S1033,Umang Shetty,EEE,M103,4528552148.0,84.0,72.0,Paid
S1034,Osha Rege,ECE,M104,9857092002.0,90.0,85.0,Paid
S1035,Deepa Tripathi,MECH,M105,4230178660.0,98.0,90.0,Paid
S1036,Guneet Thakur,ECE,M106,913292000000.0,82.0,87.0,Paid
S1037,Reyansh Khalsa,CSE,M107,4953716193.0,76.0,35.0,Pending
S1038,Radha Shere,ECE,M108,9691000059.0,94.0,79.0,Paid
S1039,Arya Narula,CIVIL,M109,4077420514.0,74.0,45.5,Pending
S1040,Netra Menon,CIVIL,M110,5380006892.0,74.0,87.0,Paid
S1041,Gaurav Mohanty,EEE,M101,2818827372.0,70.0,36.0,Pending
S1042,Faras Chadha,ECE,M102,8329822422.0,57.99999999999999,35.0,Pending
S1043,Nilima Munshi,CSE,M103,1687977171.0,62.0,36.75,Pending
S1044,Nakul Rastogi,EEE,M104,5201843445.0,68.0,53.0,Pending
S1045,Qabil Shere,CIVIL,M105,915891000000.0,98.0,93.0,Paid
S1046,Shravya Mittal,CIVIL,M106,916746000000.0,90.0,82.0,Paid
S1047,Nidra Din,ECE,M107,4013550400.0,50.0,37.25,Pending
S1048,Sathvik Rajan,CIVIL,M108,7935331196.0,68.0,35.25,Pending
S1049,Varsha Vohra,EEE,M109,7896922622.0,98.0,99.0,Paid
S1050,Chameli Pau,CIVIL,M110,2127785905.0,80.0,65.0,Paid
S1051,Kavya Kade,CSE,M101,4622790584.0,80.0,70.0,Paid
S1052,Eshana Khanna,CIVIL,M102,8256992177.0,86.0,73.0,Paid
S1053,Hredhaan Balan,CIVIL,M103,1363977251.0,78.0,68.0,Paid
S1054,Sneha Shere,EEE,M104,4157473410.0,90.0,73.0,Paid
S1055,Viraj Barad,CIVIL,M105,911631000000.0,88.0,78.0,Paid
S1056,Ekaja Agarwal,MECH,M106,913132000000.0,70.0,87.0,Paid
S1057,Varenya Sahota,CSE,M107,3877114965.0,82.0,71.0,Paid
S1058,Ekansh Dua,ECE,M108,3504278234.0,66.0,36.0,Pending
S1059,Waida Raju,ECE,M109,7788990446.0,88.0,66.0,Paid
S1060,Max Sahota,CIVIL,M110,5329465127.0,62.0,45.75,Pending
S1061,Mason Bal,CIVIL,M101,1551882103.0,74.0,45.0,Paid
S1062,Jeevika Lal,EEE,M102,5936706487.0,76.0,76.0,Paid
S1063,Qasim Thaman,MECH,M103,1272407667.0,88.0,87.0,Paid
S1064,Veer Ray,EEE,M104,919175000000.0,88.0,72.0,Paid
S1065,Varenya Gandhi,CIVIL,M105,1407695887.0,86.0,69.0,Paid
S1066,Frado Deep,EEE,M106,913617000000.0,70.0,79.0,Paid
S1067,Praneel Yogi,CSE,M107,3587494897.0,84.0,77.0,Paid
S1068,Isaiah Korpal,CSE,M108,1977662790.0,90.0,70.0,Paid
S1069,Nirja Mitra,MECH,M109,3481642255.0,64.0,36.0,Pending
S1070,Kiaan Bhat,EEE,M110,910509000000.0,74.0,73.0,Paid
S1071,Christopher Gera,CSE,M101,1049598934.0,84.0,75.0,Paid
S1072,Balveer Dugal,MECH,M102,910187000000.0,86.0,80.0,Paid
S1073,Yuvraj Ray,EEE,M103,8390441942.0,84.0,42.0,Paid
S1074,Nilima Choudhury,CSE,M104,7277919039.0,82.0,71.0,Paid
S1075,Rachana Dhar,MECH,M105,8352026333.0,64.0,51.75,Pending
S1076,Vedhika Seth,EEE,M106,7680347847.0,86.0,86.0,Paid
S1077,Mason Comar,CSE,M107,8165987805.0,57.99999999999999,47.0,Pending
S1078,Warhi Bhattacharyya,EEE,M108,388228951.0,80.0,71.0,Paid
S1079,Veda Oommen,EEE,M109,7770313504.0,78.0,66.0,Paid
S1080,Girish Chowdhury,EEE,M110,913243000000.0,82.0,75.0,Paid
S1081,Abhiram Parmar,MECH,M101,917998000000.0,62.0,35.25,Pending
S1082,Unnati Khare,CIVIL,M102,7188852761.0,94.0,68.0,Paid
S1083,Prisha Gala,ECE,M103,2177732167.0,90.0,68.0,Paid
S1084,Vedika Das,ECE,M104,9457640169.0,88.0,81.0,Paid
S1085,Nitesh Saha,ECE,M105,913497000000.0,96.0,94.0,Paid
S1086,Simon Mital,ECE,M106,3851136145.0,84.0,82.0,Paid
S1087,Bimala Nanda,MECH,M107,6221696053.0,80.0,72.0,Paid
S1088,Matthew Nanda,CSE,M108,916795000000.0,84.0,79.0,Paid
S1089,Vansha Narasimhan,ECE,M109,188342572.0,74.0,62.0,Paid
S1090,Chaaya Konda,EEE,M110,6190510003.0,88.0,75.0,Paid
S1091,Nilima Boase,CIVIL,M101,910100000000.0,88.0,85.0,Paid
S1092,Amruta Ghosh,CSE,M102,8604100537.0,98.0,98.0,Paid
S1093,Yutika Sahni,CIVIL,M103,918807000000.0,94.0,73.0,Paid
S1094,Eta Dhillon,CSE,M104,3063455564.0,78.0,73.0,Paid
S1095,Jai Bhavsar,CSE,M105,913913000000.0,68.0,40.5,Pending
S1096,Robert Sant,ECE,M106,3025869430.0,78.0,39.75,Pending
S1097,Priya Tandon,MECH,M107,919933000000.0,80.0,74.0,Paid
S1098,Varsha Nayar,CIVIL,M108,6437804620.0,78.0,70.0,Paid
S1099,Omkaar Bora,ECE,M109,918270000000.0,90.0,83.0,Paid
S1100,Wishi Nigam,EEE,M110,6533428883.0,60.0,42.75,Pending
S1101,Girik Sule,MECH,M101,9781147446.0,80.0,70.0,Paid
S1102,Wahab Vig,EEE,M102,9724943694.0,66.0,52.25,Pending
S1103,Ikshita Nath,CIVIL,M103,4888416927.0,86.0,85.0,Paid
S1104,Charan Hegde,EEE,M104,7137916861.0,88.0,85.0,Paid
S1105,Deepa Contractor,CIVIL,M105,2173251810.0,74.0,66.0,Paid
S1106,Upkaar Contractor,CIVIL,M106,1484050283.0,76.0,91.0,Paid
S1107,Ojasvi Gour,CIVIL,M107,9035486945.0,62.0,35.0,Pending
S1108,Sanaya Manda,EEE,M108,138180591.0,84.0,78.0,Paid
S1109,Ryan Contractor,CSE,M109,917144000000.0,78.0,88.0,Paid
S1110,Hardik Andra,CIVIL,M110,6926580564.0,68.0,45.25,Pending
S1111,Kavya Chaudhuri,CIVIL,M101,917028000000.0,64.0,75.0,Paid
S1112,Prisha Baral,CSE,M102,8149592953.0,78.0,78.0,Paid
S1113,Tanveer Shankar,CIVIL,M103,8206464658.0,80.0,84.0,Paid
S1114,Darpan Sawhney,CIVIL,M104,3131711236.0,100.0,93.0,Paid
S1115,Chakradev Prashad,CSE,M105,918486000000.0,88.0,70.0,Paid
S1116,Laksh Rajan,CIVIL,M106,5045537030.0,70.0,49.5,Pending
S1117,Patrick Patel,CSE,M107,7240608053.0,76.0,35.5,Pending
S1118,Dhruv Varty,MECH,M108,6503872945.0,74.0,53.0,Pending
S1119,Gaurangi Sani,EEE,M109,5438405893.0,98.0,95.0,Paid
S1120,Damini Kibe,MECH,M110,1041845005.0,72.0,37.25,Pending
S1121,Meghana Suresh,CSE,M101,5905462198.0,88.0,78.0,Paid
S1122,Nirja Sathe,EEE,M102,913629000000.0,80.0,48.0,Paid
S1123,Ryan Shenoy,MECH,M103,2230058888.0,86.0,82.0,Paid
S1124,Yochana Merchant,EEE,M104,919442000000.0,78.0,68.0,Paid
S1125,Charles Palan,EEE,M105,3085220151.0,92.0,88.0,Paid
S1126,Krish Luthra,ECE,M106,5306010699.0,78.0,81.0,Paid
S1127,Chanchal Ravel,EEE,M107,4988087652.0,98.0,89.0,Paid
S1128,Vaishnavi Sabharwal,CIVIL,M108,3618490692.0,80.0,83.0,Paid
S1129,Deepa Rajan,EEE,M109,4339189896.0,68.0,35.5,Pending
S1130,Lekha Yogi,ECE,M110,2891828656.0,94.0,76.0,Paid
S1131,Aradhana Nanda,CIVIL,M101,6714723104.0,60.0,43.5,Pending
S1132,Pranav Gour,ECE,M102,912029000000.0,68.0,35.0,Pending
S1133,Janya Sood,MECH,M103,702431457.0,76.0,65.0,Paid
S1134,Tanvi Parmar,ECE,M104,9729692315.0,84.0,78.0,Paid
S1135,Dev Char,ECE,M105,4209167428.0,84.0,49.0,Pending
S1136,Leela Kashyap,CIVIL,M106,5236307506.0,72.0,87.0,Paid
S1137,Yasti Singh,MECH,M107,6631625692.0,90.0,83.0,Paid
S1138,Jason Bail,EEE,M108,1638336644.0,90.0,73.0,Paid
S1139,Harinakshi Cherian,CSE,M109,5241651296.0,90.0,87.0,Paid
S1140,Adweta Muni,CIVIL,M110,914851000000.0,86.0,79.0,Paid
S1141,Wriddhish Thakkar,ECE,M101,9424332190.0,90.0,76.0,Paid
S1142,Anjali Garde,CIVIL,M102,6493511318.0,88.0,81.0,Paid
S1143,Daksh Joshi,EEE,M103,6822733365.0,80.0,88.0,Paid
S1144,Laksh Tella,ECE,M104,7039716840.0,88.0,86.0,Paid
S1145,Nilima Deep,MECH,M105,7653695593.0,64.0,35.0,Pending
S1146,Warhi Manne,ECE,M106,9638027662.0,88.0,84.0,Paid
S1147,Yagnesh Brahmbhatt,CSE,M107,9027845597.0,88.0,74.0,Paid
S1148,Kevin Nanda,EEE,M108,7613863873.0,66.0,45.75,Pending
S1149,Sai Solanki,ECE,M109,2390720240.0,86.0,87.0,Paid
S1150,Harshil Kuruvilla,ECE,M110,5022756971.0,92.0,74.0,Paid
S1151,Tanvi Ramanathan,CSE,M101,918719000000.0,76.0,63.0,Paid
S1152,Nathan Nagy,CIVIL,M102,6656141983.0,94.0,89.0,Paid
S1153,Ati Lad,CSE,M103,914639000000.0,96.0,92.0,Paid
S1154,Anmol Chakraborty,CIVIL,M104,8333816356.0,100.0,88.0,Paid
S1155,Jasmit Singh,ECE,M105,1744044879.0,76.0,87.0,Paid
S1156,Krishna Borah,CSE,M106,3650856443.0,86.0,83.0,Paid
S1157,Robert Varghese,CIVIL,M107,917172000000.0,84.0,69.0,Paid
S1158,Naksh Suresh,ECE,M108,9239065983.0,88.0,65.0,Paid
S1159,Varsha Baria,CSE,M109,7418250757.0,76.0,66.0,Paid
S1160,Falak Wadhwa,EEE,M110,6771824175.0,84.0,58.0,Paid
S1161,Sai Prashad,EEE,M101,9975968176.0,90.0,78.0,Paid
S1162,Sanya Bhatt,MECH,M102,911238000000.0,84.0,77.0,Paid
S1163,George Banik,EEE,M103,911927000000.0,48.0,37.0,Pending
S1164,Abeer Jayaraman,CIVIL,M104,9184443925.0,70.0,44.75,Pending
S1165,Dev Patil,CIVIL,M105,1143952296.0,88.0,67.0,Paid
S1166,Udant Vasa,EEE,M106,6601838645.0,88.0,83.0,Paid
S1167,Samuel Kohli,CIVIL,M107,2064565597.0,84.0,69.0,Paid
S1168,Upma Soman,MECH,M108,5620140825.0,90.0,66.0,Paid
S1169,Kiaan Ganesan,CIVIL,M109,5864469606.0,68.0,35.0,Pending
S1170,Sachi Naidu,MECH,M110,914631000000.0,78.0,70.0,Paid
S1171,Siya Palla,EEE,M101,916196000000.0,57.99999999999999,35.0,Pending
S1172,Agastya Kapur,ECE,M102,1424373052.0,68.0,50.5,Pending
S1173,Simon Borde,CIVIL,M103,9746854080.0,68.0,41.0,Paid
S1174,Ishwar Lata,ECE,M104,917847000000.0,92.0,68.0,Paid
S1175,Dalbir Golla,CIVIL,M105,919094000000.0,57.99999999999999,35.0,Pending
S1176,Ekani Mane,CIVIL,M106,2425774129.0,72.0,41.75,Pending
S1177,Aishani Loke,CIVIL,M107,914211000000.0,76.0,81.0,Paid
S1178,Jalsa Kapoor,CSE,M108,9512157820.0,98.0,93.0,Paid
S1179,Vamakshi Chahal,EEE,M109,9027768447.0,56.00000000000001,45.75,Pending
S1180,Jonathan Shroff,CIVIL,M110,913762000000.0,86.0,65.0,Paid
S1181,Advaith Pall,CIVIL,M101,4320112071.0,82.0,71.0,Paid
S1182,Alexander Chaudhary,EEE,M102,1578728067.0,60.0,53.0,Pending
S1183,Ayush Ramanathan,CSE,M103,3542598137.0,86.0,83.0,Paid
S1184,Vedant Dua,CSE,M104,912582000000.0,94.0,98.0,Paid
S1185,Samar Buch,CIVIL,M105,1991703496.0,70.0,41.25,Pending
S1186,Falak Gala,CSE,M106,418005982.0,80.0,68.0,Paid
S1187,Girindra Dada,EEE,M107,911771000000.0,84.0,77.0,Paid
S1188,Harrison Rajagopalan,ECE,M108,7864820441.0,70.0,63.0,Paid
S1189,Rajeshri Sandal,EEE,M109,6173836761.0,84.0,70.0,Paid
S1190,Pallavi Warrior,EEE,M110,7789108475.0,74.0,42.5,Pending
S1191,Yashodhara Sem,EEE,M101,8244805173.0,100.0,89.0,Paid
S1192,William Parikh,MECH,M102,9678294197.0,80.0,67.0,Paid
S1193,Yahvi Deshpande,ECE,M103,5937687564.0,92.0,98.0,Paid
S1194,Shivansh Bandi,EEE,M104,3894654905.0,72.0,35.75,Pending
S1195,Karan Gupta,EEE,M105,8585683584.0,80.0,69.0,Paid
S1196,Chatura Master,EEE,M106,4219238122.0,86.0,82.0,Paid
S1197,Krishna Mitter,ECE,M107,910303000000.0,92.0,70.0,Paid
S1198,Widisha Bala,MECH,M108,4674235256.0,82.0,81.0,Paid
S1199,Aayush Arora,CIVIL,M109,1644658653.0,94.0,85.0,Paid
S1200,Nidhi Borde,MECH,M110,7156503276.0,82.0,82.0,Paid
S1201,Harrison Maharaj,CIVIL,M101,6750201243.0,70.0,37.0,Pending
S1202,Anika Chadha,CSE,M102,918016000000.0,56.00000000000001,40.5,Pending
S1203,Bhavini Mall,EEE,M103,9713932059.0,68.0,48.0,Paid
S1204,Jeet Malhotra,MECH,M104,5319232104.0,76.0,35.0,Pending
S1205,Hema Viswanathan,CIVIL,M105,1565576559.0,82.0,80.0,Paid
S1206,Triveni Mangal,ECE,M106,5285436614.0,78.0,66.0,Paid
S1207,Vasatika Lal,CIVIL,M107,9934212239.0,96.0,95.0,Paid
S1208,Ubika Ramesh,MECH,M108,7482506762.0,92.0,78.0,Paid
S1209,Geetika Chokshi,EEE,M109,911141000000.0,94.0,67.0,Paid
S1210,Prisha Gour,EEE,M110,6284963267.0,98.0,93.0,Paid
S1211,Urvi Edwin,ECE,M101,910274000000.0,92.0,100.0,Paid
S1212,Qasim Karpe,MECH,M102,911257000000.0,82.0,83.0,Paid
S1213,Yuvraj Acharya,MECH,M103,913574000000.0,62.0,35.0,Pending
S1214,Xiti Zacharia,EEE,M104,8158892022.0,86.0,74.0,Paid
S1215,Tejas Mody,CSE,M105,1623166875.0,76.0,41.0,Paid
S1216,Siddharth Viswanathan,CSE,M106,4124047732.0,82.0,71.0,Paid
S1217,Abha Deshmukh,CSE,M107,913289000000.0,60.0,44.5,Pending
S1218,Nihal Deshmukh,CIVIL,M108,8407420875.0,80.0,70.0,Paid
S1219,Lajita Walla,MECH,M109,918262000000.0,62.0,35.5,Pending
S1220,Matthew Prabhu,EEE,M110,972348900.0,88.0,69.0,Paid
S1221,Yashoda Mand,CSE,M101,1441111782.0,70.0,47.0,Pending
S1222,Jai Garg,EEE,M102,2971928263.0,70.0,64.0,Paid
S1223,Benjamin Gopal,CIVIL,M103,910137000000.0,80.0,78.0,Paid
S1224,Widisha Gour,CSE,M104,3691916386.0,92.0,78.0,Paid
S1225,Aashi Babu,CIVIL,M105,912823000000.0,70.0,74.0,Paid
S1226,Brinda Dhillon,MECH,M106,994775506.0,68.0,46.0,Pending
S1227,Ekaraj Chawla,ECE,M107,915606000000.0,70.0,35.0,Pending
S1228,Indali Borra,CIVIL,M108,5289983113.0,76.0,40.0,Paid
S1229,Vihaan Bhatnagar,MECH,M109,916680000000.0,72.0,35.0,Pending
S1230,Ati Khare,CSE,M110,1645381528.0,86.0,87.0,Paid
S1231,Divya Ratti,MECH,M101,916613000000.0,88.0,87.0,Paid
S1232,Omya Chahal,ECE,M102,1760949655.0,82.0,39.75,Pending
S1233,Ekanta Narayan,CIVIL,M103,911735000000.0,98.0,100.0,Paid
S1234,Yashodhara Patla,ECE,M104,6663612613.0,92.0,83.0,Paid
S1235,Ishaan Dugar,EEE,M105,150915336.0,92.0,76.0,Paid
S1236,Hardik Gopal,EEE,M106,4168246034.0,80.0,92.0,Paid
S1237,Agastya Chokshi,CIVIL,M107,822116830.0,84.0,73.0,Paid
S1238,Nidhi Datta,CSE,M108,4454649549.0,92.0,95.0,Paid
S1239,Yashvi Chhabra,EEE,M109,913488000000.0,66.0,48.0,Paid
S1240,Varenya Kaul,CIVIL,M110,912302000000.0,57.99999999999999,37.25,Pending
S1241,Harshil Dayal,MECH,M101,4146731545.0,72.0,35.25,Pending
S1242,Patrick Bawa,ECE,M102,747217460.0,80.0,71.0,Paid
S1243,Qarin Swamy,EEE,M103,370010295.0,84.0,66.0,Paid
S1244,Eshana Murty,ECE,M104,913957000000.0,72.0,47.25,Pending
S1245,Wridesh Chaudhry,MECH,M105,5604298789.0,92.0,98.0,Paid
S1246,Forum Tailor,CSE,M106,1461798990.0,94.0,93.0,Paid
S1247,Mekhala Cherian,CSE,M107,911926000000.0,86.0,76.0,Paid
S1248,Gabriel Bhargava,CIVIL,M108,4827305307.0,80.0,78.0,Paid
S1249,Abeer Sagar,CIVIL,M109,913874000000.0,82.0,81.0,Paid
S1250,Anusha Pillai,EEE,M110,917421000000.0,64.0,35.0,Pending
S1251,Tanvi Prabhakar,CSE,M101,226976199.0,80.0,68.0,Paid
S1252,Vedika Nadig,CIVIL,M102,4517582213.0,62.0,38.75,Pending
S1253,Madhav Krishnamurthy,MECH,M103,523292916.0,96.0,97.0,Paid
S1254,Samar Yohannan,CSE,M104,918134000000.0,88.0,74.0,Paid
S1255,Onveer More,ECE,M105,8885665527.0,90.0,83.0,Paid
S1256,Aashi Bansal,CSE,M106,912027000000.0,64.0,73.0,Paid
S1257,Divya Subramanian,MECH,M107,913762000000.0,86.0,74.0,Paid
S1258,Darsh Bhatt,CSE,M108,6640445651.0,90.0,71.0,Paid
S1259,Jagrati Varughese,ECE,M109,7141551800.0,60.0,37.25,Pending
S1260,Ekta Sundaram,ECE,M110,8579536909.0,90.0,69.0,Paid
S1261,Jagdish Sankar,ECE,M101,4065971596.0,76.0,53.0,Pending
S1262,Irya Guha,CSE,M102,9246392833.0,82.0,67.0,Paid
S1263,Hemang Dutta,MECH,M103,1044952770.0,64.0,41.5,Pending
S1264,Bishakha Saha,CIVIL,M104,3690814331.0,84.0,70.0,Paid
S1265,Ria Parmer,ECE,M105,9976084095.0,98.0,95.0,Paid
S1266,Ekalinga Kant,MECH,M106,9503616745.0,70.0,39.0,Pending
S1267,Siya Wagle,MECH,M107,6083512338.0,80.0,83.0,Paid
S1268,Aditya Saxena,CSE,M108,912356000000.0,82.0,65.0,Paid
S1269,Fitan Dhar,CSE,M109,910091000000.0,86.0,80.0,Paid
S1270,Aarna Dasgupta,MECH,M110,6507696150.0,57.99999999999999,53.25,Pending
S1271,Raghav Wadhwa,MECH,M101,373188033.0,84.0,54.0,Paid
S1272,Yatan Morar,MECH,M102,3676240284.0,84.0,80.0,Paid
S1273,Nimrat Balasubramanian,CSE,M103,915730000000.0,84.0,67.0,Paid
S1274,Wishi Vyas,CSE,M104,417649984.0,96.0,98.0,Paid
S1275,Rohan Chawla,CIVIL,M105,7779659487.0,78.0,78.0,Paid
S1276,Mahika Padmanabhan,MECH,M106,911574000000.0,92.0,81.0,Paid
S1277,Christopher Kaul,CIVIL,M107,9407961887.0,68.0,48.0,Pending
S1278,Harrison Thaker,MECH,M108,553019743.0,68.0,41.0,Paid
S1279,Ekantika Kade,ECE,M109,9622298337.0,72.0,83.0,Paid
S1280,Vidhi Iyengar,EEE,M110,7573101944.0,94.0,88.0,Paid
S1281,Riya Bail,CSE,M101,3991780578.0,72.0,40.75,Pending
S1282,Aradhana Apte,CIVIL,M102,3522758532.0,80.0,69.0,Paid
S1283,Qarin Dora,MECH,M103,3114580264.0,72.0,38.75,Pending
S1284,Hemal Mangal,CSE,M104,3672870370.0,82.0,74.0,Paid
S1285,Ubika Srinivas,EEE,M105,914840000000.0,98.0,90.0,Paid
S1286,Balhaar Nori,CSE,M106,9670804728.0,100.0,89.0,Paid
S1287,Girindra Thakur,EEE,M107,7906435354.0,82.0,80.0,Paid
S1288,Raksha D’Alia,ECE,M108,1064316544.0,84.0,86.0,Paid
S1289,Zashil Mitter,CIVIL,M109,7173554991.0,78.0,54.0,Paid
S1290,Libni Chatterjee,CSE,M110,6198982202.0,88.0,69.0,Paid
S1291,Ladli Walla,CIVIL,M101,6856101376.0,86.0,71.0,Paid
S1292,Ekta Balan,CSE,M102,2359730476.0,84.0,74.0,Paid
S1293,Maya Sachdev,EEE,M103,8945885800.0,96.0,89.0,Paid
S1294,Urvashi Dutt,MECH,M104,911106000000.0,80.0,84.0,Paid
S1295,Fiyaz Choudhary,CIVIL,M105,9283056945.0,66.0,48.25,Pending
S1296,Qarin Mander,EEE,M106,2973570576.0,84.0,84.0,Paid
S1297,Dominic Bala,CSE,M107,919132000000.0,80.0,68.0,Paid
S1298,Alexander Patil,CIVIL,M108,926626220.0,66.0,35.0,Pending
S1299,Urvashi Mannan,ECE,M109,5714184672.0,84.0,84.0,Paid
S1300,Falak Sengupta,CIVIL,M110,911622000000.0,70.0,42.0,Paid
S1301,Amol Gupta,CIVIL,M101,3440051686.0,62.0,37.75,Pending
S1302,Aahana Batta,CSE,M102,9773672397.0,60.0,35.75,Pending
S1303,Ucchal Hegde,ECE,M103,604316280.0,64.0,46.25,Pending
S1304,Balhaar Maharaj,CIVIL,M104,5931890542.0,66.0,75.0,Paid
S1305,Naveen Edwin,MECH,M105,9346919448.0,88.0,86.0,Paid
S1306,Chandresh Shenoy,MECH,M106,1053610019.0,70.0,47.0,Pending
S1307,Sanaya Bail,CSE,M107,919073000000.0,68.0,35.0,Pending
S1308,Netra Barad,EEE,M108,9338000979.0,78.0,35.5,Pending
S1309,Pavani Kaur,EEE,M109,1926476129.0,78.0,85.0,Paid
S1310,Irya Mitra,EEE,M110,8701677354.0,57.99999999999999,37.25,Pending
S1311,Mason Jain,CSE,M101,912690000000.0,82.0,72.0,Paid
S1312,Girindra Patel,EEE,M102,104713218.0,88.0,69.0,Paid
S1313,Matthew Gandhi,ECE,M103,915233000000.0,50.0,35.0,Pending
S1314,Ojasvi Kurian,CIVIL,M104,918413000000.0,96.0,98.0,Paid
S1315,Jackson Boase,CIVIL,M105,9519944392.0,74.0,85.0,Paid
S1316,Kavya Iyer,CIVIL,M106,1221120300.0,86.0,84.0,Paid
S1317,Siya Om,MECH,M107,2925379582.0,70.0,41.75,Pending
S1318,Ojas Nadkarni,EEE,M108,2825042035.0,98.0,88.0,Paid
S1319,Triveni Hayer,CSE,M109,910790000000.0,74.0,59.0,Paid
S1320,Shaurya Choudhury,MECH,M110,911080000000.0,62.0,35.0,Pending
S1321,Rohan Pandit,MECH,M101,9507670811.0,84.0,87.0,Paid
S1322,Turvi Loke,CSE,M102,917856000000.0,94.0,98.0,Paid
S1323,Henry Choudhary,CSE,M103,1130221843.0,60.0,44.5,Pending
S1324,Yutika Mukherjee,EEE,M104,919298000000.0,80.0,86.0,Paid
S1325,Jacob Goel,EEE,M105,915369000000.0,70.0,43.5,Pending
S1326,Chasmum Keer,MECH,M106,2544146977.0,84.0,74.0,Paid
S1327,George Choudhury,CIVIL,M107,800113388.0,70.0,50.75,Pending
S1328,Panini Suresh,EEE,M108,919827000000.0,96.0,95.0,Paid
S1329,Chanchal Dutta,CIVIL,M109,1927318288.0,76.0,86.0,Paid
S1330,Urvashi Walla,CSE,M110,916224000000.0,56.00000000000001,47.0,Pending
S1331,Hemangini Kala,ECE,M101,3301911280.0,84.0,65.0,Paid
S1332,Rehaan Chaudhuri,ECE,M102,2420048668.0,76.0,76.0,Paid
S1333,Atharv Desai,EEE,M103,911479000000.0,78.0,85.0,Paid
S1334,Michael Basu,ECE,M104,2995118075.0,70.0,35.0,Pending
S1335,Yatin Anand,CSE,M105,914103000000.0,68.0,50.75,Pending
S1336,Oscar Halder,MECH,M106,5569521625.0,90.0,74.0,Paid
S1337,Ayushman Bhatt,CIVIL,M107,3594822255.0,86.0,72.0,Paid
S1338,Chaman Sinha,CIVIL,M108,4217316012.0,66.0,51.0,Pending
S1339,Nikita Nagy,MECH,M109,917270000000.0,66.0,70.0,Paid
S1340,Champak Nazareth,CIVIL,M110,3989518070.0,66.0,50.5,Pending
S1341,Jack Tiwari,CIVIL,M101,8632092287.0,94.0,91.0,Paid
S1342,Gunbir Bobal,CIVIL,M102,5451661621.0,98.0,88.0,Paid
S1343,Jatin Randhawa,CSE,M103,8270184242.0,86.0,87.0,Paid
S1344,Anvi Munshi,CIVIL,M104,4583560307.0,76.0,87.0,Paid
S1345,Sudiksha Gopal,EEE,M105,9052097498.0,68.0,44.75,Pending
S1346,Ronith Dar,ECE,M106,918870000000.0,60.0,37.0,Pending
S1347,Ranbir Devi,CIVIL,M107,70684281.0,82.0,74.0,Paid
S1348,Wakeeta Ahuja,CSE,M108,918635000000.0,52.0,42.5,Pending
S1349,Janya Rama,ECE,M109,1047959362.0,80.0,86.0,Paid
S1350,Pavani Rajan,MECH,M110,911191000000.0,88.0,77.0,Paid
S1351,Kamala Bhavsar,EEE,M101,647327029.0,80.0,68.0,Paid
S1352,Sai Sarma,ECE,M102,2231805623.0,84.0,71.0,Paid
S1353,Abdul Yadav,CIVIL,M103,7552768011.0,98.0,95.0,Paid
S1354,Udant Nayar,CIVIL,M104,702162958.0,86.0,69.0,Paid
S1355,Michael Murty,MECH,M105,1797147642.0,82.0,70.0,Paid
S1356,Irya Hans,ECE,M106,6496726091.0,70.0,67.0,Paid
S1357,Vivaan Khurana,EEE,M107,4531888784.0,100.0,91.0,Paid
S1358,Zayyan Vohra,ECE,M108,1602502262.0,82.0,81.0,Paid
S1359,Mitesh Singhal,CSE,M109,9358786029.0,68.0,42.25,Pending
S1360,Nandini Oommen,ECE,M110,7886640439.0,78.0,75.0,Paid
S1361,Samesh Vala,EEE,M101,5077063040.0,78.0,70.0,Paid
S1362,Mugdha Kata,CSE,M102,3884718875.0,94.0,78.0,Paid
S1363,Amruta Kohli,ECE,M103,9217067497.0,60.0,35.25,Pending
S1364,Dalaja Nagi,MECH,M104,7040131569.0,80.0,68.0,Paid
S1365,Nitesh Ghosh,CIVIL,M105,7568940366.0,88.0,75.0,Paid
S1366,Tristan Tiwari,EEE,M106,1219021720.0,96.0,89.0,Paid
S1367,Odika Kulkarni,CIVIL,M107,6187240212.0,96.0,98.0,Paid
S1368,Sudiksha Edwin,EEE,M108,1018326828.0,74.0,46.0,Paid
S1369,Nathan Chawla,EEE,M109,4561389320.0,76.0,86.0,Paid
S1370,Bishakha Bir,ECE,M110,3617020063.0,98.0,93.0,Paid
S1371,Ronith Srinivas,CSE,M101,5175941874.0,72.0,41.0,Paid
S1372,Dipta Varkey,CSE,M102,913013000000.0,74.0,93.0,Paid
S1373,Utkarsh Sundaram,ECE,M103,1951401452.0,76.0,69.0,Paid
S1374,Kala Lanka,EEE,M104,1709553980.0,90.0,75.0,Paid
S1375,Jagat Kumar,ECE,M105,912682000000.0,82.0,88.0,Paid
S1376,Maya Chaudry,MECH,M106,324809336.0,80.0,42.0,Paid
S1377,Divya Pathak,ECE,M107,1329812506.0,56.00000000000001,45.5,Pending
S1378,Amara Prashad,EEE,M108,5396493273.0,82.0,76.0,Paid
S1379,Isaiah Mistry,CSE,M109,6057220139.0,84.0,71.0,Paid
S1380,Harita Cherian,ECE,M110,914271000000.0,70.0,51.0,Pending
S1381,Nisha Atwal,ECE,M101,205142589.0,76.0,39.25,Pending
S1382,Vasatika Dixit,CIVIL,M102,7228642816.0,57.99999999999999,35.5,Pending
S1383,Nitesh Agrawal,CSE,M103,8328112357.0,76.0,65.0,Paid
S1384,Chandani Singh,ECE,M104,919028000000.0,96.0,94.0,Paid
S1385,Zarna Nagy,CIVIL,M105,916638000000.0,70.0,43.0,Pending
S1386,Amara Ben,ECE,M106,2724150103.0,82.0,78.0,Paid
S1387,Ansh Sarna,EEE,M107,8031896119.0,74.0,35.25,Pending
S1388,Omkaar Rout,EEE,M108,916084000000.0,60.0,46.75,Pending
S1389,Charita Padmanabhan,EEE,M109,916390000000.0,82.0,78.0,Paid
S1390,Upkaar Naidu,CIVIL,M110,918747000000.0,70.0,71.0,Paid
S1391,Kai Jaggi,CIVIL,M101,609544522.0,90.0,84.0,Paid
S1392,Yashica Mital,ECE,M102,915014000000.0,98.0,98.0,Paid
S1393,Atharv Sengupta,EEE,M103,914874000000.0,76.0,86.0,Paid
S1394,Gabriel Nayak,MECH,M104,5390604513.0,48.0,35.0,Pending
S1395,Prisha Nagy,EEE,M105,9773079371.0,64.0,50.75,Pending
S1396,Noah Patla,CSE,M106,911970000000.0,70.0,45.0,Pending
S1397,Anika Vig,CSE,M107,772402027.0,100.0,94.0,Paid
S1398,Henry Kale,MECH,M108,3795895791.0,48.0,37.75,Pending
S1399,Jeremiah Dhingra,CSE,M109,2649543553.0,88.0,87.0,Paid
S1400,Vritti Buch,ECE,M110,912086000000.0,90.0,86.0,Paid
S1401,Nirja Chhabra,ECE,M101,3654120436.0,76.0,35.0,Pending
S1402,Gunbir Choudhury,ECE,M102,5100139676.0,84.0,68.0,Paid
S1403,Hamsini Dara,CIVIL,M103,7597690875.0,66.0,54.25,Pending
S1404,Alexander Varghese,CSE,M104,916570000000.0,84.0,78.0,Paid
S1405,Edhitha Luthra,ECE,M105,912132000000.0,78.0,77.0,Paid
S1406,Balhaar Mammen,CIVIL,M106,915184000000.0,68.0,46.75,Pending
S1407,Pratyush Virk,CIVIL,M107,914160000000.0,90.0,66.0,Paid
S1408,Ikshita Bhatia,CIVIL,M108,915957000000.0,76.0,86.0,Paid
S1409,Pranav Khanna,CIVIL,M109,4831237122.0,80.0,73.0,Paid
S1410,Yuvraj Pillai,CIVIL,M110,917502000000.0,56.00000000000001,38.5,Pending
S1411,Aadhya Tata,CIVIL,M101,918278000000.0,92.0,73.0,Paid
S1412,Yadavi Mittal,EEE,M102,33603554.0,90.0,98.0,Paid
S1413,Champak Chaudry,ECE,M103,916388000000.0,78.0,61.0,Paid
S1414,Faraj Baral,CSE,M104,918169000000.0,57.99999999999999,50.25,Pending
S1415,Onveer Butala,MECH,M105,913188000000.0,86.0,81.0,Paid
S1416,Forum Thaker,CIVIL,M106,910307366.0,98.0,95.0,Paid
S1417,Chameli Korpal,EEE,M107,8057798040.0,86.0,67.0,Paid
S1418,Agastya Patel,ECE,M108,8984202596.0,68.0,45.25,Pending
S1419,Ubika Dua,CIVIL,M109,919235000000.0,98.0,93.0,Paid
S1420,Anirudh Ben,ECE,M110,919594000000.0,80.0,73.0,Paid
S1421,Manbir Prasad,CSE,M101,1850360254.0,98.0,96.0,Paid
S1422,Gaurang Srivastava,EEE,M102,5111654924.0,86.0,87.0,Paid
S1423,Bhavika Kade,MECH,M103,912952000000.0,90.0,86.0,Paid
S1424,Liam Brar,CIVIL,M104,913195000000.0,88.0,66.0,Paid
S1425,Tanish Narang,EEE,M105,2191854128.0,82.0,70.0,Paid
S1426,Wishi Guha,ECE,M106,6492887535.0,70.0,79.0,Paid
S1427,Gaurangi Sampath,CSE,M107,5381156533.0,84.0,82.0,Paid
S1428,Thomas Narang,EEE,M108,1673337147.0,100.0,99.0,Paid
S1429,Gavin Nori,CIVIL,M109,6903196244.0,84.0,81.0,Paid
S1430,Parth Krishna,EEE,M110,918090000000.0,60.0,35.0,Pending
S1431,Hritik Grover,CIVIL,M101,5760358834.0,82.0,77.0,Paid
S1432,Gaurika Mani,ECE,M102,9452379109.0,78.0,66.0,Paid
S1433,Gaurika Wable,ECE,M103,18297608.0,66.0,46.5,Pending
S1434,Varenya Joshi,CIVIL,M104,2204488886.0,88.0,78.0,Paid
S1435,Nihal Lall,ECE,M105,6380041649.0,88.0,71.0,Paid
S1436,Warinder Sachar,ECE,M106,1383233781.0,86.0,85.0,Paid
S1437,Aishani Sane,CSE,M107,915247000000.0,94.0,92.0,Paid
S1438,Peter Kumer,CIVIL,M108,917666000000.0,74.0,43.0,Paid
S1439,Idika Walla,CIVIL,M109,7239655918.0,72.0,89.0,Paid
S1440,Anirudh Dixit,CIVIL,M110,503711305.0,92.0,81.0,Paid
S1441,Anmol Kala,CSE,M101,4636855025.0,74.0,80.0,Paid
S1442,Krisha Kashyap,MECH,M102,6216642645.0,94.0,75.0,Paid
S1443,Mason Bail,EEE,M103,6460753363.0,82.0,51.0,Paid
S1444,Adweta Dubey,EEE,M104,6287048625.0,100.0,91.0,Paid
S1445,Wriddhish Kale,CSE,M105,1809657095.0,72.0,74.0,Paid
S1446,Wridesh Kibe,ECE,M106,1335904772.0,80.0,83.0,Paid
S1447,Chandani Mahajan,EEE,M107,912992000000.0,88.0,66.0,Paid
S1448,Dipta Sinha,ECE,M108,910361000000.0,70.0,36.0,Pending
S1449,Veer Wable,ECE,M109,552438408.0,82.0,72.0,Paid
S1450,Gautami Narula,CIVIL,M110,917161000000.0,72.0,35.0,Pending
S1451,Unni Mistry,EEE,M101,1730060081.0,88.0,84.0,Paid
S1452,Mitesh Tandon,ECE,M102,8111470283.0,80.0,67.0,Paid
S1453,Faris Manda,MECH,M103,913005000000.0,84.0,74.0,Paid
S1454,Benjamin Bhatti,EEE,M104,2480339598.0,78.0,77.0,Paid
S1455,Henry Bala,ECE,M105,5537509517.0,52.0,35.0,Pending
S1456,Ranveer Sur,CIVIL,M106,7617761992.0,86.0,81.0,Paid
S1457,Devansh Vora,CIVIL,M107,919478000000.0,72.0,65.0,Paid
S1458,Victor Lad,CIVIL,M108,5967644877.0,82.0,73.0,Paid
S1459,Hemangini Sundaram,CIVIL,M109,919972000000.0,66.0,40.75,Pending
S1460,Tamanna Lata,ECE,M110,2427791465.0,90.0,81.0,Paid
S1461,Nimrat Bumb,CSE,M101,8927826774.0,100.0,92.0,Paid
S1462,Ekta Atwal,EEE,M102,7884536529.0,84.0,69.0,Paid
S1463,Oliver Prasad,MECH,M103,4535956496.0,72.0,37.5,Pending
S1464,Mohammed Bhasin,EEE,M104,6418150078.0,70.0,62.0,Paid
S1465,Isaac Goyal,EEE,M105,916398000000.0,74.0,51.0,Paid
S1466,Krish Tara,CIVIL,M106,910052000000.0,92.0,65.0,Paid
S1467,Mitesh Saini,CSE,M107,915820000000.0,74.0,61.0,Paid
S1468,Fariq Patla,EEE,M108,8969459323.0,94.0,70.0,Paid
S1469,Pushti Sood,EEE,M109,917458000000.0,86.0,80.0,Paid
S1470,Chakrika Yogi,CSE,M110,7907041640.0,66.0,35.75,Pending
S1471,Arunima Raghavan,CIVIL,M101,8529098274.0,98.0,100.0,Paid
S1472,Thomas Om,EEE,M102,4539574117.0,86.0,70.0,Paid
S1473,Brinda Bhagat,CIVIL,M103,4702165703.0,88.0,84.0,Paid
S1474,Jyoti Murty,CSE,M104,2396489194.0,90.0,84.0,Paid
S1475,Banjeet Venkataraman,MECH,M105,4613874596.0,98.0,90.0,Paid
S1476,Indrajit Raval,MECH,M106,7975062565.0,80.0,78.0,Paid
S1477,Harshil Kamdar,ECE,M107,910541000000.0,86.0,84.0,Paid
S1478,Elijah Bera,ECE,M108,9077799095.0,90.0,65.0,Paid
S1479,Onveer Saha,EEE,M109,6274901915.0,82.0,82.0,Paid
S1480,Inaya Pradhan,EEE,M110,285265522.0,84.0,78.0,Paid
S1481,Udyati Ahuja,ECE,M101,4255088048.0,100.0,89.0,Paid
S1482,Neha Hayre,EEE,M102,3255489412.0,82.0,62.0,Paid
S1483,Janya Sachdeva,CIVIL,M103,1310171225.0,98.0,90.0,Paid
S1484,Anusha Garg,CSE,M104,9938862096.0,76.0,55.0,Paid
S1485,Pooja Dalal,CSE,M105,2335925439.0,76.0,53.0,Paid
S1486,Rachit Sunder,EEE,M106,6270478870.0,90.0,85.0,Paid
S1487,Chavvi Bhatt,CSE,M107,7254706736.0,78.0,76.0,Paid
S1488,Xavier Mannan,EEE,M108,2747612069.0,72.0,36.0,Pending
S1489,Girik Ray,EEE,M109,8658421854.0,82.0,91.0,Paid
S1490,Vamakshi Balan,ECE,M110,917626000000.0,66.0,93.0,Paid
S1491,Damyanti Pillai,CSE,M101,913420000000.0,76.0,37.0,Pending
S1492,Chaitaly Sandal,EEE,M102,917158000000.0,82.0,76.0,Paid
S1493,Charan Deol,MECH,M103,8578404292.0,86.0,81.0,Paid
S1494,Ansh Trivedi,ECE,M104,914526000000.0,98.0,92.0,Paid
S1495,Lila Dani,MECH,M105,918827000000.0,94.0,82.0,Paid
S1496,Diya Dada,MECH,M106,286048163.0,80.0,92.0,Paid
S1497,Leena Kohli,EEE,M107,3622620149.0,64.0,71.0,Paid
S1498,Teerth Tara,CIVIL,M108,6626619596.0,84.0,70.0,Paid
S1499,Guneet Bala,MECH,M109,790127427.0,88.0,73.0,Paid
S1500,Manthan Bedi,MECH,M110,9951165998.0,74.0,44.0,Paid
S1501,Aarnav Narain,EEE,M101,2708419790.0,94.0,88.0,Paid
S1502,Idika Sama,MECH,M102,914984000000.0,68.0,35.0,Pending
S1503,Zilmil Gola,EEE,M103,636899737.0,66.0,47.25,Pending
S1504,Zayyan Konda,EEE,M104,2757553500.0,62.0,37.25,Pending
S1505,Indrajit Pai,ECE,M105,9856832699.0,100.0,97.0,Paid
S1506,Darika Palan,EEE,M106,919419000000.0,78.0,80.0,Paid
S1507,Daniel Kapoor,CSE,M107,910263000000.0,68.0,35.0,Pending
S1508,Isaiah Uppal,CIVIL,M108,8508715771.0,80.0,80.0,Paid
S1509,Azaan Sanghvi,CIVIL,M109,917363000000.0,64.0,45.25,Pending
S1510,Ekalinga Sura,CSE,M110,912454000000.0,64.0,35.25,Pending
S1511,Ladli Gera,ECE,M101,915321000000.0,78.0,35.0,Pending
S1512,Hiral Raja,CIVIL,M102,5499229841.0,82.0,80.0,Paid
S1513,Veer Bahri,EEE,M103,4039103611.0,96.0,93.0,Paid
S1514,Simon Lata,EEE,M104,7072111546.0,96.0,100.0,Paid
S1515,Panini Pai,CIVIL,M105,1920023735.0,68.0,47.75,Pending
S1516,Charita Chauhan,CIVIL,M106,8416889832.0,98.0,91.0,Paid
S1517,Lucky Cheema,EEE,M107,913759000000.0,96.0,100.0,Paid
S1518,Dakshesh Thakkar,CSE,M108,4878294470.0,80.0,86.0,Paid
S1519,Urvi Merchant,MECH,M109,916779000000.0,62.0,43.5,Pending
S1520,Chaitanya Yadav,EEE,M110,1275430924.0,94.0,84.0,Paid
S1521,Jackson Panchal,CSE,M101,916890000000.0,88.0,73.0,Paid
S1522,Nidhi Nadig,CIVIL,M102,8334028997.0,78.0,85.0,Paid
S1523,Aryan Sibal,MECH,M103,918103000000.0,88.0,86.0,Paid
S1524,Pallavi Mohanty,EEE,M104,911585000000.0,76.0,76.0,Paid
S1525,Lohit Sarkar,CSE,M105,914703000000.0,64.0,35.0,Pending
S1526,Shaurya Vaidya,ECE,M106,9174875603.0,66.0,51.0,Paid
S1527,Yashodhara Deo,CSE,M107,4047882159.0,88.0,70.0,Paid
S1528,Lakshit Rana,ECE,M108,205358192.0,78.0,78.0,Paid
S1529,Hardik Loke,CIVIL,M109,8083201152.0,64.0,82.0,Paid
S1530,Theodore Subramanian,CIVIL,M110,1418003559.0,84.0,71.0,Paid
S1531,Amruta Nazareth,MECH,M101,3433036887.0,92.0,95.0,Paid
S1532,Chakradev Bhatti,CSE,M102,8142636245.0,76.0,40.0,Paid
S1533,Yasti Bajaj,CSE,M103,4578306115.0,78.0,49.0,Paid
S1534,Indali Seshadri,CSE,M104,7583772417.0,56.00000000000001,38.5,Pending
S1535,Ira Subramanian,CSE,M105,4643341795.0,70.0,35.0,Pending
S1536,Gunbir Doshi,CIVIL,M106,3069295491.0,94.0,98.0,Paid
S1537,Divya Trivedi,MECH,M107,4140939137.0,88.0,72.0,Paid
S1538,Sara Chauhan,CIVIL,M108,131831639.0,86.0,66.0,Paid
S1539,Krishna Nath,EEE,M109,918796000000.0,90.0,86.0,Paid
S1540,Gaurangi Jha,CSE,M110,281060040.0,68.0,50.25,Pending
S1541,Abha Tiwari,MECH,M101,2311894410.0,76.0,48.25,Pending
S1542,Vedika Acharya,CSE,M102,915061000000.0,90.0,77.0,Paid
S1543,Aadhya Singh,MECH,M103,263312519.0,66.0,51.0,Paid
S1544,Falak Dixit,MECH,M104,6301528929.0,84.0,76.0,Paid
S1545,Sai Warrior,ECE,M105,2110191133.0,80.0,55.0,Paid
S1546,Vaishnavi Mahajan,CSE,M106,4941888162.0,74.0,45.75,Pending
S1547,Radhika Kalla,MECH,M107,9312912508.0,96.0,97.0,Paid
S1548,Robert Randhawa,ECE,M108,9100126165.0,72.0,45.0,Pending
S1549,Chandran Srivastava,CSE,M109,2557764223.0,74.0,40.0,Pending
S1550,Jack Johal,CIVIL,M110,5580644060.0,84.0,77.0,Paid
S1551,Yashvi Bhatia,CIVIL,M101,9392682626.0,74.0,71.0,Paid
S1552,Tanay Arora,EEE,M102,917092000000.0,70.0,53.5,Pending
S1553,Aarav Oak,MECH,M103,4166678910.0,86.0,86.0,Paid
S1554,Chaman Suri,CIVIL,M104,7432175144.0,80.0,82.0,Paid
S1555,Upasna Mangal,MECH,M105,119756517.0,76.0,35.75,Pending
S1556,Nimrat Lad,EEE,M106,917758000000.0,88.0,79.0,Paid
S1557,Advaith Balay,MECH,M107,1104003108.0,66.0,43.25,Pending
S1558,Falguni Khalsa,CIVIL,M108,4906532190.0,96.0,88.0,Paid
S1559,Abdul Nadig,EEE,M109,5658453255.0,88.0,71.0,Paid
S1560,Pahal Sama,ECE,M110,5437831785.0,70.0,47.25,Pending
S1561,Yash Bala,CSE,M101,918940000000.0,57.99999999999999,37.0,Pending
S1562,Qabil Shan,EEE,M102,9546291112.0,88.0,81.0,Paid
S1563,Nirja Mishra,CSE,M103,916741000000.0,86.0,69.0,Paid
S1564,Jacob Salvi,EEE,M104,914232000000.0,78.0,80.0,Paid
S1565,Mitali Banik,CSE,M105,3902860675.0,98.0,95.0,Paid
S1566,Triveni Srinivasan,MECH,M106,6074869344.0,60.0,39.25,Pending
S1567,Yashodhara Sheth,MECH,M107,912311000000.0,88.0,85.0,Paid
S1568,Oliver Goda,EEE,M108,4921697153.0,80.0,85.0,Paid
S1569,Patrick Sastry,ECE,M109,3888153708.0,98.0,95.0,Paid
S1570,Eesha Pandya,ECE,M110,914014000000.0,94.0,81.0,Paid
S1571,Charles Savant,CSE,M101,918407000000.0,72.0,43.0,Paid
S1572,Nidhi Tailor,CSE,M102,915706000000.0,70.0,41.25,Pending
S1573,Abhiram Bath,CIVIL,M103,584737437.0,68.0,49.75,Pending
S1574,Joshua Pant,CIVIL,M104,2850684707.0,78.0,79.0,Paid
S1575,Aayush Contractor,EEE,M105,4883041579.0,82.0,68.0,Paid
S1576,Odika Chopra,MECH,M106,915119000000.0,76.0,55.0,Paid
S1577,Chatura Rout,CIVIL,M107,9868567719.0,96.0,91.0,Paid
S1578,Zayan Hans,CIVIL,M108,917479000000.0,98.0,96.0,Paid
S1579,Vrinda Chacko,EEE,M109,2278019135.0,82.0,46.0,Paid
S1580,Vedhika Shan,ECE,M110,4971008602.0,84.0,69.0,Paid
S1581,Abha Pall,CSE,M101,919042000000.0,80.0,83.0,Paid
S1582,Adya Prakash,CIVIL,M102,7006341698.0,84.0,85.0,Paid
S1583,Christopher Kalita,CIVIL,M103,9906262231.0,72.0,90.0,Paid
S1584,Vasana Chada,MECH,M104,918712000000.0,72.0,95.0,Paid
S1585,Tristan Lad,CSE,M105,919338000000.0,100.0,99.0,Paid
S1586,Dominic Majumdar,CIVIL,M106,4125875642.0,96.0,99.0,Paid
S1587,Rajeshri More,EEE,M107,8991558290.0,78.0,68.0,Paid
S1588,Chaaya Pant,EEE,M108,9311772504.0,64.0,94.0,Paid
S1589,Shivansh Sidhu,CSE,M109,910069000000.0,90.0,75.0,Paid
S1590,Dipta Chana,CSE,M110,913265000000.0,98.0,94.0,Paid
S1591,Ojasvi Pandey,CSE,M101,507367120.0,70.0,40.75,Pending
S1592,Hemani Prasad,CSE,M102,915022000000.0,70.0,86.0,Paid
S1593,Gautami Sankaran,ECE,M103,3495839443.0,50.0,40.75,Pending
S1594,Dayita Rau,EEE,M104,8276778463.0,100.0,90.0,Paid
S1595,Gopal Varma,CIVIL,M105,913086000000.0,90.0,84.0,Paid
S1596,Vinaya Deshpande,MECH,M106,1942033506.0,70.0,38.5,Pending
S1597,Janani Madan,ECE,M107,8518046207.0,78.0,42.0,Paid
S1598,Kai Barad,MECH,M108,910774000000.0,92.0,74.0,Paid
S1599,Faqid Misra,EEE,M109,4379798222.0,80.0,35.0,Pending
S1600,Chaitanya Mitter,MECH,M110,915031000000.0,68.0,62.0,Paid
S1601,Omisha Oommen,EEE,M101,917595000000.0,86.0,78.0,Paid
S1602,Reyansh Gokhale,MECH,M102,5211262552.0,98.0,94.0,Paid
S1603,Neelima Menon,ECE,M103,9757916104.0,96.0,98.0,Paid
S1604,Liam Bajaj,ECE,M104,8013013799.0,68.0,35.25,Pending
S1605,Bina Venkatesh,CIVIL,M105,911556000000.0,90.0,77.0,Paid
S1606,Gaurang Kuruvilla,MECH,M106,6965596951.0,74.0,81.0,Paid
S1607,Qasim Venkataraman,ECE,M107,7364084727.0,82.0,68.0,Paid
S1608,Baljiwan D’Alia,CIVIL,M108,537505220.0,100.0,99.0,Paid
S1609,Daksh Zachariah,ECE,M109,7740711814.0,100.0,100.0,Paid
S1610,Ladli Lalla,CIVIL,M110,4664559511.0,76.0,55.0,Paid
S1611,Chanakya Dalal,MECH,M101,916085000000.0,82.0,87.0,Paid
S1612,Indrajit Bahl,CSE,M102,915813000000.0,98.0,89.0,Paid
S1613,Mitali Andra,EEE,M103,913046000000.0,64.0,73.0,Paid
S1614,Isha Banik,CIVIL,M104,917365000000.0,82.0,83.0,Paid
S1615,Chakradhar Dhar,ECE,M105,913675000000.0,62.0,35.0,Pending
S1616,Ekani Raja,MECH,M106,4573011335.0,54.0,36.25,Pending
S1617,Charan Sachar,MECH,M107,806082596.0,86.0,81.0,Paid
S1618,Harshil Chaudhry,EEE,M108,885764442.0,86.0,81.0,Paid
S1619,Yug Mistry,CIVIL,M109,7530246820.0,48.0,35.75,Pending
S1620,Akshay Loyal,MECH,M110,910232000000.0,96.0,100.0,Paid
S1621,Luke Dugar,EEE,M101,7380474490.0,88.0,85.0,Paid
S1622,Shivani Mand,CIVIL,M102,6882242942.0,90.0,77.0,Paid
S1623,Jatin Saxena,ECE,M103,919800000000.0,76.0,67.0,Paid
S1624,Nicholas Badal,CSE,M104,917544000000.0,64.0,53.75,Pending
S1625,Ranbir Atwal,EEE,M105,6328926485.0,78.0,78.0,Paid
S1626,Yatin Ranganathan,MECH,M106,875246660.0,86.0,80.0,Paid
S1627,Pahal Sachdev,CIVIL,M107,914818000000.0,98.0,93.0,Paid
S1628,Hitesh Garde,MECH,M108,4602823051.0,60.0,39.5,Pending
S1629,Quincy Nagy,ECE,M109,912270000000.0,84.0,74.0,Paid
S1630,Kashvi Magar,MECH,M110,7863192360.0,76.0,70.0,Paid
S1631,Ria Shenoy,CSE,M101,915694000000.0,90.0,83.0,Paid
S1632,Ria Palla,ECE,M102,911951000000.0,66.0,49.0,Paid
S1633,Anthony Ravel,CSE,M103,912406000000.0,64.0,40.5,Pending
S1634,Peter Mammen,EEE,M104,910283000000.0,78.0,74.0,Paid
S1635,Warhi Nagarajan,CSE,M105,4408044957.0,80.0,85.0,Paid
S1636,Chandani Nadkarni,ECE,M106,916052000000.0,82.0,66.0,Paid
S1637,Amara Datta,EEE,M107,1746119908.0,80.0,92.0,Paid
S1638,Damini Vohra,EEE,M108,6745538500.0,84.0,87.0,Paid
S1639,Siddharth Shenoy,CSE,M109,7287429092.0,84.0,71.0,Paid
S1640,Maanas Tandon,ECE,M110,8200131945.0,60.0,35.0,Pending
S1641,Frederick Merchant,EEE,M101,916325000000.0,98.0,100.0,Paid
S1642,Naveen Pal,EEE,M102,6307943102.0,66.0,86.0,Paid
S1643,Nirja Pal,CIVIL,M103,914458000000.0,68.0,39.5,Pending
S1644,Saumya Dada,EEE,M104,8937129796.0,90.0,78.0,Paid
S1645,Chaitaly Mangal,EEE,M105,7076400687.0,84.0,70.0,Paid
S1646,Maya Goda,CIVIL,M106,2903587122.0,100.0,100.0,Paid
S1647,Vedhika Kadakia,MECH,M107,5836488188.0,84.0,72.0,Paid
S1648,Rajata Lall,MECH,M108,8606807793.0,82.0,71.0,Paid
S1649,Christopher Salvi,EEE,M109,9489385796.0,60.0,37.5,Pending
S1650,Chaaya Rama,EEE,M110,9926947311.0,60.0,35.0,Pending
S1651,Vidhi More,CSE,M101,5391137177.0,96.0,92.0,Paid
S1652,Karan Kashyap,CIVIL,M102,1873790538.0,88.0,70.0,Paid
S1653,Kala Grover,EEE,M103,913437000000.0,68.0,48.5,Pending
S1654,Varenya Golla,CIVIL,M104,5762691512.0,60.0,39.0,Pending
S1655,Nathan Dutta,CIVIL,M105,2747570205.0,64.0,45.5,Pending
S1656,Riya Sathe,EEE,M106,342039834.0,62.0,53.5,Pending
S1657,Gagan Butala,ECE,M107,911934000000.0,90.0,75.0,Paid
S1658,Zaitra Mani,CSE,M108,914658000000.0,60.0,45.75,Pending
S1659,Pranit Mangal,MECH,M109,3949350325.0,68.0,55.0,Paid
S1660,Lohit Venkatesh,ECE,M110,912281000000.0,74.0,79.0,Paid
S1661,Ekapad Barad,EEE,M101,5088992158.0,96.0,88.0,Paid
S1662,Falak Dash,ECE,M102,2153731227.0,84.0,69.0,Paid
S1663,Fiyaz Agate,CSE,M103,7118211977.0,98.0,89.0,Paid
S1664,Unni Dutta,CSE,M104,7724376756.0,64.0,51.0,Pending
S1665,Sai Dubey,MECH,M105,917077000000.0,96.0,94.0,Paid
S1666,Ishaan Dugar,ECE,M106,4750051420.0,80.0,74.0,Paid
S1667,Simon Kar,EEE,M107,5965887593.0,62.0,94.0,Paid
S1668,Ekaraj Mahajan,CIVIL,M108,3238943322.0,92.0,80.0,Paid
S1669,Zarna Doctor,MECH,M109,4962861818.0,80.0,90.0,Paid
S1670,Jagvi Chakraborty,MECH,M110,864216846.0,64.0,36.75,Pending
S1671,Sudiksha Bhatt,ECE,M101,6134452094.0,90.0,75.0,Paid
S1672,Farhan Kunda,CIVIL,M102,8441537387.0,90.0,83.0,Paid
S1673,Baghyawati Boase,ECE,M103,6840084422.0,68.0,38.0,Pending
S1674,Charan Patla,EEE,M104,9827129762.0,90.0,68.0,Paid
S1675,Upkaar Master,ECE,M105,918952000000.0,96.0,95.0,Paid
S1676,Laksh Saraf,ECE,M106,1188865665.0,90.0,76.0,Paid
S1677,Triya Apte,CIVIL,M107,913041000000.0,98.0,96.0,Paid
S1678,Harshil Bora,EEE,M108,5753517663.0,88.0,76.0,Paid
S1679,Sachi Puri,MECH,M109,911199000000.0,78.0,73.0,Paid
S1680,Ishaan Rai,CIVIL,M110,7373236749.0,90.0,62.0,Paid
S1681,Vasatika Upadhyay,ECE,M101,917980000000.0,66.0,60.0,Paid
S1682,Charan Sur,ECE,M102,911643000000.0,60.0,43.75,Pending
S1683,Rehaan Shroff,MECH,M103,915135000000.0,92.0,75.0,Paid
S1684,Vritti Sunder,MECH,M104,1046502821.0,80.0,44.0,Paid
S1685,Vyanjana Rajagopalan,CSE,M105,497569473.0,96.0,96.0,Paid
S1686,Chaman Anand,CIVIL,M106,911754000000.0,62.0,35.0,Pending
S1687,Liam Pradhan,CSE,M107,913554000000.0,54.0,73.0,Paid
S1688,Sachi Kadakia,MECH,M108,2184241201.0,100.0,100.0,Paid
S1689,Nakul Palla,CIVIL,M109,5313547365.0,76.0,80.0,Paid
S1690,Praneel Chander,MECH,M110,917705000000.0,66.0,35.75,Pending
S1691,Yamini Chander,ECE,M101,5963005760.0,98.0,99.0,Paid
S1692,Widisha Mody,ECE,M102,4850525311.0,68.0,71.0,Paid
S1693,Yutika Mallick,ECE,M103,5896504667.0,72.0,60.0,Paid
S1694,Jhalak Chanda,CSE,M104,3933589693.0,80.0,80.0,Paid
S1695,Harrison Sarin,CIVIL,M105,8869804822.0,76.0,61.0,Paid
S1696,Oviya Dutta,MECH,M106,8737924216.0,84.0,83.0,Paid
S1697,Laban Comar,CIVIL,M107,2010339163.0,82.0,75.0,Paid
S1698,Vedant Dube,MECH,M108,7158329289.0,48.0,36.0,Pending
S1699,Chatura Chauhan,EEE,M109,5953395623.0,80.0,62.0,Paid
S1700,Wakeeta Kala,CSE,M110,2342826183.0,86.0,81.0,Paid
S1701,Chaitanya Nagarajan,CIVIL,M101,9301217703.0,92.0,66.0,Paid
S1702,Hredhaan Chatterjee,ECE,M102,5893563748.0,84.0,67.0,Paid
S1703,Aarna Borde,EEE,M103,2257755581.0,92.0,84.0,Paid
S1704,Nikita Chokshi,CIVIL,M104,8698805664.0,86.0,71.0,Paid
S1705,Kritika Viswanathan,CIVIL,M105,2588208614.0,64.0,48.0,Paid
S1706,Ira Swaminathan,CSE,M106,6519549002.0,72.0,91.0,Paid
S1707,Ganga Rajagopalan,CIVIL,M107,1314241468.0,88.0,78.0,Paid
S1708,Onveer Randhawa,ECE,M108,7878641819.0,82.0,49.0,Paid
S1709,Nihal Uppal,MECH,M109,918977000000.0,90.0,87.0,Paid
S1710,Lavanya Sibal,MECH,M110,1305378566.0,76.0,47.0,Paid
S1711,Dominic Sastry,EEE,M101,913632000000.0,84.0,68.0,Paid
S1712,Ridhi Modi,EEE,M102,914724000000.0,98.0,96.0,Paid
S1713,Ekalinga Walia,CIVIL,M103,2330553562.0,90.0,74.0,Paid
S1714,Oscar Talwar,MECH,M104,911789000000.0,88.0,69.0,Paid
S1715,Chatresh Dara,CSE,M105,7436423564.0,86.0,67.0,Paid
S1716,Amaira Sheth,MECH,M106,6574744416.0,96.0,95.0,Paid
S1717,Bhavna Gandhi,MECH,M107,7128847456.0,98.0,96.0,Paid
S1718,Kai Bhagat,ECE,M108,3632294537.0,86.0,68.0,Paid
S1719,Daniel Narayan,ECE,M109,5970571471.0,57.99999999999999,35.0,Pending
S1720,Alka Verma,MECH,M110,910953000000.0,78.0,75.0,Paid
S1721,Kai Nadkarni,MECH,M101,5140137340.0,76.0,54.75,Pending
S1722,Oeshi Vala,ECE,M102,9004992146.0,68.0,82.0,Paid
S1723,Baljiwan Patla,CIVIL,M103,5804493014.0,86.0,75.0,Paid
S1724,Naveen Chand,CIVIL,M104,3699494323.0,92.0,78.0,Paid
S1725,Panini Kalla,CSE,M105,916546000000.0,94.0,75.0,Paid
S1726,George Dugar,EEE,M106,7351519679.0,76.0,91.0,Paid
S1727,Ekaraj Wagle,ECE,M107,1544829711.0,57.99999999999999,49.5,Pending
S1728,Chaaya Modi,CIVIL,M108,911821000000.0,82.0,65.0,Paid
S1729,Alexander Arora,EEE,M109,3150449530.0,80.0,72.0,Paid
S1730,Kritika Saxena,ECE,M110,917405000000.0,100.0,100.0,Paid
S1731,Aarna Wagle,EEE,M101,913491000000.0,98.0,98.0,Paid
S1732,Maanas Naidu,EEE,M102,2017962159.0,100.0,91.0,Paid
S1733,Noah Memon,CIVIL,M103,2729434686.0,90.0,66.0,Paid
S1734,Wakeeta Goda,MECH,M104,918046000000.0,57.99999999999999,42.5,Pending
S1735,Chandresh Mani,CSE,M105,9987438919.0,80.0,84.0,Paid
S1736,Brinda Mani,CIVIL,M106,8774651677.0,62.0,35.0,Pending
S1737,Faris Borah,CIVIL,M107,9346300605.0,66.0,45.75,Pending
S1738,Damini Dugal,ECE,M108,5541361480.0,80.0,76.0,Paid
S1739,Radha Borde,CSE,M109,50426681.0,78.0,35.0,Pending
S1740,Idika Sethi,ECE,M110,4832124894.0,96.0,75.0,Paid
S1741,Qadim Amble,MECH,M101,370012828.0,78.0,49.5,Pending
S1742,Anay Aggarwal,MECH,M102,917034000000.0,74.0,70.0,Paid
S1743,Anya Kothari,MECH,M103,912554000000.0,90.0,69.0,Paid
S1744,Benjamin Goda,CSE,M104,910721000000.0,92.0,68.0,Paid
S1745,Krish Butala,MECH,M105,5647622504.0,94.0,88.0,Paid
S1746,Leena Uppal,CSE,M106,912103000000.0,92.0,75.0,Paid
S1747,Jeremiah Venkatesh,CIVIL,M107,910437000000.0,57.99999999999999,51.25,Pending
S1748,Kabir Hora,CIVIL,M108,2549365630.0,92.0,70.0,Paid
S1749,Chaaya Palan,CSE,M109,912224000000.0,64.0,35.0,Pending
S1750,Brinda Swamy,CIVIL,M110,6544963636.0,56.00000000000001,52.25,Pending
S1751,Yashica Bala,CSE,M101,6250746763.0,56.00000000000001,43.75,Pending
S1752,Zehaan Oommen,CIVIL,M102,1898530970.0,96.0,92.0,Paid
S1753,Radhika Bava,EEE,M103,916211000000.0,86.0,85.0,Paid
S1754,Ekantika Nazareth,CIVIL,M104,451880620.0,74.0,75.0,Paid
S1755,Falguni Pall,CIVIL,M105,2084835968.0,66.0,47.5,Pending
S1756,Waida Contractor,CSE,M106,916320000000.0,66.0,45.5,Pending
S1757,Jagdish Aurora,CSE,M107,4522035574.0,96.0,93.0,Paid
S1758,Alka Chander,EEE,M108,915166000000.0,92.0,87.0,Paid
S1759,Falan Raj,EEE,M109,918484000000.0,84.0,82.0,Paid
S1760,Adweta Din,EEE,M110,912782000000.0,74.0,83.0,Paid
S1761,Chakradev Ratti,MECH,M101,2168811216.0,92.0,76.0,Paid
S1762,Kritika Patil,CIVIL,M102,3322379373.0,68.0,45.0,Paid
S1763,Jalsa Keer,EEE,M103,914302000000.0,72.0,71.0,Paid
S1764,Lajita Salvi,EEE,M104,911388000000.0,72.0,61.0,Paid
S1765,Frado Kade,ECE,M105,917279000000.0,54.0,35.0,Pending
S1766,Garima Atwal,CIVIL,M106,4971342546.0,80.0,56.0,Paid
S1767,Zarna Kant,MECH,M107,915568000000.0,68.0,54.0,Paid
S1768,Diya Rana,CIVIL,M108,913749000000.0,72.0,51.25,Pending
S1769,Vritti Narayanan,CIVIL,M109,7306928895.0,64.0,53.25,Pending
S1770,Hemal Chaudhari,MECH,M110,914006000000.0,96.0,91.0,Paid
S1771,Kamala Pillai,ECE,M101,915544000000.0,96.0,66.0,Paid
S1772,Hritik Naidu,EEE,M102,7907234874.0,66.0,68.0,Paid
S1773,Sara Bal,MECH,M103,913375000000.0,78.0,49.0,Paid
S1774,Zilmil Bains,CSE,M104,912880000000.0,64.0,46.0,Pending
S1775,Vaishnavi Sinha,MECH,M105,9108520970.0,88.0,71.0,Paid
S1776,Janya Ramesh,CSE,M106,7796120535.0,84.0,74.0,Paid
S1777,Neha Kara,ECE,M107,913233000000.0,56.00000000000001,43.5,Pending
S1778,Rachita Raman,CIVIL,M108,911224000000.0,98.0,96.0,Paid
S1779,Watika Issac,CIVIL,M109,4768644165.0,72.0,49.0,Paid
S1780,Aahana Sagar,EEE,M110,7592543203.0,90.0,74.0,Paid
S1781,Tanay Chaudhry,EEE,M101,6560737971.0,72.0,35.0,Pending
S1782,Omya Devan,CIVIL,M102,3824472269.0,72.0,40.25,Pending
S1783,Vedhika Wadhwa,MECH,M103,912222000000.0,80.0,80.0,Paid
S1784,Pahal Goyal,EEE,M104,317514690.0,64.0,35.0,Pending
S1785,Nisha Naidu,ECE,M105,914288000000.0,94.0,96.0,Paid
S1786,Lucky Kapur,ECE,M106,5355516674.0,98.0,99.0,Paid
S1787,Isha Ganesan,MECH,M107,915181000000.0,92.0,82.0,Paid
S1788,Tanay Pathak,CSE,M108,5888092804.0,94.0,94.0,Paid
S1789,Aahana Shetty,MECH,M109,1907708622.0,86.0,83.0,Paid
S1790,Yahvi Deshpande,MECH,M110,917150000000.0,86.0,75.0,Paid
S1791,Chavvi Balakrishnan,EEE,M101,4050531486.0,98.0,88.0,Paid
S1792,Vincent Ganguly,EEE,M102,2717232405.0,68.0,35.0,Pending
S1793,Maanav Dora,ECE,M103,915126000000.0,66.0,35.0,Pending
S1794,Jacob Kade,MECH,M104,8205143843.0,82.0,70.0,Paid
S1795,Aadhya Buch,EEE,M105,281328860.0,56.00000000000001,38.5,Pending
S1796,Veda Misra,EEE,M106,8754308107.0,94.0,81.0,Paid
S1797,Omaja Kalla,CSE,M107,5078243460.0,64.0,39.0,Pending
S1798,Maanav Dara,EEE,M108,9240802191.0,98.0,99.0,Paid
S1799,Samesh Banik,ECE,M109,9996533954.0,66.0,37.25,Pending
S1800,Mahika Konda,MECH,M110,914723000000.0,82.0,81.0,Paid
S1801,Dayita Magar,ECE,M101,3416241395.0,96.0,90.0,Paid
S1802,Pahal Bansal,ECE,M102,1540320875.0,80.0,80.0,Paid
S1803,Wahab Zachariah,CSE,M103,914754000000.0,82.0,68.0,Paid
S1804,Ekaja Sampath,CIVIL,M104,4435550231.0,62.0,50.5,Pending
S1805,Ekta Jain,CSE,M105,913109000000.0,80.0,76.0,Paid
S1806,Kalpit Badami,ECE,M106,910699000000.0,90.0,78.0,Paid
S1807,Eiravati Raval,EEE,M107,3854002315.0,64.0,48.0,Pending
S1808,Charvi Mani,CIVIL,M108,1547012071.0,76.0,93.0,Paid
S1809,Samesh Kunda,CIVIL,M109,6206779090.0,78.0,43.25,Pending
S1810,Jhalak Sarna,ECE,M110,8616322908.0,78.0,42.75,Pending
S1811,Diya Lad,MECH,M101,6877389854.0,84.0,66.0,Paid
S1812,Hemani Suri,EEE,M102,5203310772.0,68.0,35.0,Pending
S1813,Samuel Rege,CIVIL,M103,4115574790.0,78.0,79.0,Paid
S1814,Alka Naik,EEE,M104,2225936560.0,86.0,83.0,Paid
S1815,Lipika Patil,ECE,M105,9341382249.0,66.0,39.5,Pending
S1816,Tara Sawhney,MECH,M106,9783509089.0,88.0,72.0,Paid
S1817,Wriddhish Mandal,CIVIL,M107,918242000000.0,76.0,94.0,Paid
S1818,Ryan Devi,CIVIL,M108,6693208421.0,84.0,78.0,Paid
S1819,Triveni Babu,ECE,M109,2644378043.0,94.0,78.0,Paid
S1820,Joshua Jani,CSE,M110,9976062234.0,76.0,76.0,Paid
S1821,Gaurang Agrawal,CIVIL,M101,912667000000.0,78.0,69.0,Paid
S1822,Rajata Thaman,MECH,M102,914155000000.0,86.0,74.0,Paid
S1823,Maya Bhatti,EEE,M103,916822000000.0,80.0,69.0,Paid
S1824,Bhavini Pandit,CSE,M104,4406887747.0,80.0,66.0,Paid
S1825,Zilmil Kota,EEE,M105,912854000000.0,78.0,83.0,Paid
S1826,Sneha Iyengar,MECH,M106,8084262677.0,82.0,80.0,Paid
S1827,Gavin Zacharia,CSE,M107,2936375321.0,84.0,66.0,Paid
S1828,Watika Gour,EEE,M108,915505000000.0,88.0,78.0,Paid
S1829,Nitesh Trivedi,EEE,M109,3157967302.0,60.0,35.0,Pending
S1830,Lakshit Nath,MECH,M110,1674202402.0,82.0,85.0,Paid
S1831,Sai Venkatesh,MECH,M101,2426117825.0,82.0,70.0,Paid
S1832,Ekavir Batra,CIVIL,M102,6614826540.0,72.0,41.0,Paid
S1833,Gaurang Deshpande,CIVIL,M103,4423243877.0,86.0,82.0,Paid
S1834,Tarak Deol,EEE,M104,2693358513.0,64.0,40.25,Pending
S1835,Leela Pillai,EEE,M105,6861836279.0,56.00000000000001,45.0,Pending
S1836,Abha Sachar,EEE,M106,915517000000.0,78.0,87.0,Paid
S1837,Naksh Thakur,MECH,M107,910544000000.0,92.0,83.0,Paid
S1838,Praneel Chawla,EEE,M108,5809496904.0,90.0,68.0,Paid
S1839,Balvan Dada,MECH,M109,913057000000.0,78.0,54.0,Paid
S1840,Noah Chakraborty,ECE,M110,4421843150.0,76.0,62.0,Paid
S1841,Raghav Mangal,EEE,M101,125732172.0,72.0,49.25,Pending
S1842,Radha Bail,CSE,M102,915013000000.0,80.0,68.0,Paid
S1843,Anvi Bhakta,CIVIL,M103,911035000000.0,86.0,76.0,Paid
S1844,Gunbir Dixit,EEE,M104,916513000000.0,90.0,80.0,Paid
S1845,Rajata Thaman,CIVIL,M105,2514229414.0,90.0,75.0,Paid
S1846,Upma Sibal,CSE,M106,916316000000.0,78.0,67.0,Paid
S1847,Watika Goyal,MECH,M107,4106973937.0,72.0,38.5,Pending
S1848,Jasmit Khalsa,CSE,M108,2211693233.0,80.0,92.0,Paid
S1849,Darsh Bhavsar,CSE,M109,9875548831.0,64.0,40.0,Pending
S1850,Lakshmi Dugal,MECH,M110,915036000000.0,57.99999999999999,36.25,Pending
S1851,Charles Murthy,MECH,M101,8578530868.0,57.99999999999999,45.5,Pending
S1852,Pavani Borah,MECH,M102,911996000000.0,80.0,86.0,Paid
S1853,Ekalinga Mitter,CSE,M103,914886000000.0,60.0,48.25,Pending
S1854,Amruta Krishnan,CSE,M104,5809911834.0,82.0,79.0,Paid
S1855,Vyanjana Gokhale,CSE,M105,2881158073.0,76.0,65.0,Paid
S1856,Falan Brahmbhatt,CIVIL,M106,4952792082.0,62.0,39.5,Pending
S1857,Mohini Sridhar,CIVIL,M107,917215000000.0,88.0,73.0,Paid
S1858,Devika Prakash,ECE,M108,6167979838.0,92.0,72.0,Paid
S1859,Barkha Om,CIVIL,M109,1550714654.0,66.0,46.75,Pending
S1860,Neha Chhabra,CIVIL,M110,32067375.0,88.0,71.0,Paid
S1861,Leena Chandra,CSE,M101,910944000000.0,84.0,79.0,Paid
S1862,Darpan Dugar,MECH,M102,9397259904.0,72.0,90.0,Paid
S1863,Manan Bora,MECH,M103,5355932380.0,78.0,87.0,Paid
S1864,Pooja Pandit,ECE,M104,913871000000.0,98.0,91.0,Paid
S1865,Daniel Mukherjee,CSE,M105,9804782896.0,80.0,82.0,Paid
S1866,Champak Suresh,ECE,M106,3825265950.0,86.0,81.0,Paid
S1867,Patrick Sheth,MECH,M107,911691000000.0,68.0,35.0,Pending
S1868,Robert Sidhu,EEE,M108,3642472091.0,68.0,52.25,Pending
S1869,Diya Thakkar,CIVIL,M109,6993536327.0,86.0,77.0,Paid
S1870,Ekapad Pau,ECE,M110,6007709894.0,86.0,81.0,Paid
S1871,Hemal Thaman,EEE,M101,912644000000.0,76.0,85.0,Paid
S1872,Pushti Bala,ECE,M102,911768000000.0,74.0,72.0,Paid
S1873,Omisha Mital,CSE,M103,913722000000.0,64.0,52.5,Pending
S1874,Parth Thakur,CSE,M104,918679000000.0,84.0,81.0,Paid
S1875,Nakul Bal,CSE,M105,8187415215.0,84.0,87.0,Paid
S1876,Kiaan Kapoor,CSE,M106,4811787941.0,76.0,72.0,Paid
S1877,Vinaya Pandit,MECH,M107,6582059507.0,78.0,70.0,Paid
S1878,Amol Sarraf,CSE,M108,917841000000.0,96.0,66.0,Paid
S1879,Vedika Kumer,ECE,M109,7924650211.0,76.0,57.0,Paid
S1880,Hemani Kaur,CIVIL,M110,918595000000.0,96.0,87.0,Paid
S1881,Triya Sen,MECH,M101,1826395515.0,84.0,65.0,Paid
S1882,Baghyawati More,EEE,M102,9019164015.0,82.0,83.0,Paid
S1883,Brinda Rajagopalan,CIVIL,M103,911942000000.0,68.0,52.25,Pending
S1884,Meera Garg,EEE,M104,918175000000.0,84.0,81.0,Paid
S1885,Devika Sengupta,MECH,M105,342097719.0,94.0,92.0,Paid
S1886,Bina Muni,ECE,M106,2888581627.0,86.0,71.0,Paid
S1887,Aashi Oza,CIVIL,M107,3335891008.0,98.0,95.0,Paid
S1888,Divya Tank,CIVIL,M108,915039000000.0,76.0,68.0,Paid
S1889,Vedhika Issac,CSE,M109,2390752055.0,56.00000000000001,44.25,Pending
S1890,Zansi Shankar,CIVIL,M110,915745000000.0,74.0,43.5,Pending
S1891,Barkha Tripathi,CSE,M101,913737000000.0,57.99999999999999,50.0,Pending
S1892,Oeshi Ravi,CSE,M102,915451000000.0,60.0,42.25,Pending
S1893,Warhi Sehgal,ECE,M103,3921385699.0,90.0,72.0,Paid
S1894,Christopher Krishnamurthy,ECE,M104,1398823919.0,84.0,86.0,Paid
S1895,Irya Borra,CIVIL,M105,7725696160.0,88.0,87.0,Paid
S1896,Bhavya Patla,CIVIL,M106,157184390.0,80.0,87.0,Paid
S1897,Aayush Mishra,MECH,M107,7952276129.0,84.0,82.0,Paid
S1898,Vinaya Raju,CIVIL,M108,919432000000.0,94.0,87.0,Paid
S1899,Logan Agate,CIVIL,M109,916680000000.0,90.0,76.0,Paid
S1900,Hiral Vora,EEE,M110,1872016138.0,70.0,35.0,Pending
S1901,Imaran Bora,EEE,M101,4138582277.0,86.0,70.0,Paid
S1902,Saumya Jayaraman,CIVIL,M102,911718000000.0,88.0,73.0,Paid
S1903,Upasna Venkataraman,CSE,M103,2816372606.0,70.0,53.0,Paid
S1904,Chakradhar Prabhakar,CSE,M104,2164219268.0,84.0,69.0,Paid
S1905,Kritika Doctor,CSE,M105,9431618404.0,88.0,71.0,Paid
S1906,Jagdish Chander,CIVIL,M106,8354850332.0,96.0,100.0,Paid
S1907,Shivani Gara,MECH,M107,911986000000.0,74.0,94.0,Paid
S1908,Meera Hegde,ECE,M108,8945796587.0,72.0,35.0,Pending
S1909,Faris Singh,ECE,M109,2662983504.0,78.0,66.0,Paid
S1910,Harsh Sahni,EEE,M110,916015000000.0,100.0,91.0,Paid
S1911,Krishna Grewal,ECE,M101,9093099989.0,86.0,76.0,Paid
S1912,Indira Ganesan,ECE,M102,9917220514.0,80.0,76.0,Paid
S1913,Rohan Acharya,MECH,M103,4101590767.0,86.0,75.0,Paid
S1914,Aradhana Kuruvilla,CIVIL,M104,2898022080.0,74.0,55.25,Pending
S1915,Darika Suri,MECH,M105,8345014337.0,100.0,93.0,Paid
S1916,Harsh Barman,EEE,M106,3548355552.0,88.0,78.0,Paid
S1917,Krish Sandal,CIVIL,M107,915861000000.0,80.0,73.0,Paid
S1918,Anya Srinivasan,MECH,M108,2626429766.0,86.0,73.0,Paid
S1919,Geetika Chacko,EEE,M109,914319000000.0,70.0,81.0,Paid
S1920,Yashvi Mahal,CIVIL,M110,452217590.0,54.0,38.0,Pending
S1921,Wakeeta Soman,MECH,M101,913542000000.0,60.0,38.25,Pending
S1922,Falguni Bhat,ECE,M102,5548994177.0,66.0,35.0,Pending
S1923,Luke Halder,ECE,M103,7436803966.0,92.0,73.0,Paid
S1924,Ranbir Parekh,ECE,M104,1954471369.0,80.0,80.0,Paid
S1925,Benjamin Kapadia,EEE,M105,914745000000.0,98.0,95.0,Paid
S1926,Keya Swaminathan,CSE,M106,301771966.0,100.0,89.0,Paid
S1927,Faris Murthy,EEE,M107,1999486882.0,98.0,97.0,Paid
S1928,Nathaniel Ranganathan,CSE,M108,1466830895.0,80.0,76.0,Paid
S1929,Aryan Jaggi,ECE,M109,910865000000.0,60.0,48.25,Pending
S1930,Farhan Chandra,MECH,M110,9190691027.0,84.0,74.0,Paid
S1931,Manthan Borah,MECH,M101,1796949258.0,92.0,82.0,Paid
S1932,Michael Balasubramanian,EEE,M102,5930729727.0,86.0,84.0,Paid
S1933,Jagat Kapur,ECE,M103,1911656340.0,100.0,95.0,Paid
S1934,Falan Mistry,EEE,M104,9408182937.0,74.0,35.25,Pending
S1935,Vedant Ramanathan,EEE,M105,919617000000.0,56.00000000000001,38.5,Pending
S1936,Ria Devan,ECE,M106,912460000000.0,74.0,39.25,Pending
S1937,Siya Sheth,EEE,M107,9252513939.0,78.0,83.0,Paid
S1938,Eta Om,CIVIL,M108,6362020924.0,78.0,73.0,Paid
S1939,Ishani Chaudhuri,EEE,M109,9815155692.0,68.0,35.0,Pending
S1940,Gopal Bhatti,ECE,M110,915332000000.0,80.0,76.0,Paid
S1941,Noah Khalsa,ECE,M101,7040702777.0,80.0,72.0,Paid
S1942,Widisha Setty,MECH,M102,9174349202.0,86.0,77.0,Paid
S1943,Gagan Som,EEE,M103,9537431414.0,84.0,67.0,Paid
S1944,Mahika Rege,ECE,M104,8592647229.0,78.0,61.0,Paid
S1945,Qarin Ratti,EEE,M105,6307197274.0,76.0,35.25,Pending
S1946,Udyati Dara,CSE,M106,917513000000.0,82.0,71.0,Paid
S1947,Bhavna Kant,CIVIL,M107,9760180644.0,86.0,78.0,Paid
S1948,Chaitanya Narain,ECE,M108,1895933025.0,76.0,78.0,Paid
S1949,Aradhana Joshi,ECE,M109,916725000000.0,88.0,74.0,Paid
S1950,Ekani Panchal,MECH,M110,919965000000.0,82.0,70.0,Paid
S1951,Siddharth Mody,MECH,M101,3701929409.0,84.0,78.0,Paid
S1952,Urvi Chakraborty,EEE,M102,1823384165.0,92.0,72.0,Paid
S1953,Ladli Swaminathan,EEE,M103,7383298828.0,88.0,84.0,Paid
S1954,Chaaya Parmar,CIVIL,M104,7541242612.0,72.0,89.0,Paid
S1955,Ekalinga Rout,CIVIL,M105,4811953972.0,62.0,92.0,Paid
S1956,Harish Deo,CSE,M106,913278000000.0,90.0,71.0,Paid
S1957,Chatresh Goda,CIVIL,M107,3393596784.0,100.0,96.0,Paid
S1958,Warjas Bansal,EEE,M108,2772828287.0,80.0,65.0,Paid
S1959,Jackson Krishna,EEE,M109,6336535886.0,90.0,73.0,Paid
S1960,Yug Rajan,MECH,M110,3960719287.0,82.0,85.0,Paid
S1961,Rohan Khosla,EEE,M101,7843859312.0,76.0,94.0,Paid
S1962,Nitesh Nayak,EEE,M102,7169835401.0,86.0,72.0,Paid
S1963,Jagdish Pradhan,CSE,M103,1588989821.0,60.0,35.0,Pending
S1964,Isha Bansal,CIVIL,M104,916498000000.0,82.0,91.0,Paid
S1965,Onveer Bose,MECH,M105,4307960459.0,86.0,66.0,Paid
S1966,Eiravati Dey,ECE,M106,6654764302.0,84.0,67.0,Paid
S1967,Chandresh Sharma,EEE,M107,916328000000.0,72.0,59.0,Paid
S1968,Viraj Virk,EEE,M108,5122083741.0,90.0,76.0,Paid
S1969,Dakshesh Golla,CIVIL,M109,9955294876.0,72.0,81.0,Paid
S1970,Watika Jayaraman,ECE,M110,4471215693.0,86.0,82.0,Paid
S1971,Naksh Mangal,CSE,M101,2024200508.0,98.0,98.0,Paid
S1972,Ayush Khalsa,MECH,M102,910510000000.0,88.0,65.0,Paid
S1973,Kalpit Varghese,CIVIL,M103,3086635338.0,88.0,87.0,Paid
S1974,Nidra Joshi,ECE,M104,914322000000.0,74.0,38.75,Pending
S1975,Frado Kaur,ECE,M105,916364000000.0,80.0,81.0,Paid
S1976,Aarnav Kumar,CSE,M106,10215189.0,64.0,38.5,Pending
S1977,Reyansh Wadhwa,ECE,M107,3723507708.0,76.0,51.25,Pending
S1978,Ishanvi Bhatti,MECH,M108,9507481594.0,84.0,87.0,Paid
S1979,Upkaar Dugal,ECE,M109,912232000000.0,92.0,83.0,Paid
S1980,Neelima Choudhury,CIVIL,M110,6792387219.0,86.0,83.0,Paid
S1981,Kavya Deep,EEE,M101,306750138.0,82.0,73.0,Paid
S1982,Odika Parsa,EEE,M102,917986000000.0,84.0,70.0,Paid
S1983,Logan Kunda,ECE,M103,3539055236.0,64.0,47.5,Pending
S1984,Pahal Lad,CSE,M104,3521444382.0,72.0,85.0,Paid
S1985,Jagdish Sachar,EEE,M105,394304877.0,64.0,38.75,Pending
S1986,Noah Mangal,CSE,M106,5794649540.0,100.0,92.0,Paid
S1987,Zansi Chawla,EEE,M107,917078000000.0,60.0,36.75,Pending
S1988,Fitan Deep,EEE,M108,914606000000.0,84.0,52.0,Paid
S1989,Mahika Kothari,EEE,M109,8475127883.0,78.0,52.75,Pending
S1990,Manbir Swamy,ECE,M110,3647479411.0,60.0,38.0,Pending
S1991,Tanish Bhavsar,CSE,M101,911549000000.0,78.0,81.0,Paid
S1992,Manthan Magar,EEE,M102,916995000000.0,88.0,72.0,Paid
S1993,Benjamin Mitra,MECH,M103,1853176608.0,88.0,69.0,Paid
S1994,Ronith Badal,EEE,M104,3697701757.0,100.0,100.0,Paid
S1995,Jagrati Buch,ECE,M105,916701000000.0,76.0,77.0,Paid
S1996,Radhika Ram,ECE,M106,6643656304.0,62.0,44.25,Pending
S1997,Panini Pandya,EEE,M107,4868477340.0,84.0,82.0,Paid
S1998,Jyoti Bhargava,EEE,M108,912287000000.0,96.0,92.0,Paid
S1999,Riya Deol,CIVIL,M109,6165978408.0,88.0,72.0,Paid
S2000,Gunbir Kashyap,MECH,M110,3949298027.0,92.0,86.0,Paid
